Date,Athlete,Team,Weekday,Sleep Hours,Sleep Quality,Mood,Readiness to Train,Soreness,Stress,Fatigue
1/30/2018,Athlete 1,Team 1,Wednesday,7.8,5,7,4,7,3,5
1/31/2018,Athlete 19,Team 2,Thursday,9,5,3,3,2,4,6
1/31/2018,Athlete 8,Team 1,Thursday,8,6,8,8,2,5,6
1/31/2018,Athlete 17,Team 2,Thursday,6.9,7,7,7,5,2,3
1/31/2018,Athlete 1,Team 1,Thursday,7.1,6,7,7,5,1,4
1/31/2018,Athlete 3,Team 1,Thursday,5,4,2,2,2,8,6
1/31/2018,Athlete 5,Team 1,Thursday,7.7,9,8,8,0,5,2
1/31/2018,Athlete 6,Team 1,Thursday,5.8,3,5,6,3,4,6
1/31/2018,Athlete 9,Team 1,Thursday,8.5,7,10,4,1,0,1
1/31/2018,Athlete 16,Team 2,Thursday,8,7,8,8,3,3,3
1/31/2018,Athlete 7,Team 1,Thursday,8,6,8,9,6,0,4
1/31/2018,Athlete 10,Team 1,Thursday,4,2,6,0,0,7,0
1/31/2018,Athlete 18,Team 2,Thursday,6.6,3,7,7,4,3,4
1/31/2018,Athlete 13,Team 2,Thursday,6.2,6,6,7,3,5,5
1/31/2018,Athlete 15,Team 2,Thursday,7.9,10,4,5,2,0,0
1/31/2018,Athlete 12,Team 2,Thursday,8.5,5,9,10,3,1,3
1/31/2018,Athlete 11,Team 2,Thursday,8.9,9,0,10,4,2,4
1/31/2018,Athlete 4,Team 1,Thursday,5.8,5,3,10,2,7,4
1/31/2018,Athlete 2,Team 2,Thursday,6.6,7,7,7,0,0,0
2/1/2018,Athlete 4,Team 1,Friday,10,10,9,1,3,1,2
2/1/2018,Athlete 17,Team 2,Friday,8,9,10,1,4,4,4
2/1/2018,Athlete 16,Team 2,Friday,8.5,7,6,7,2,4,2
2/1/2018,Athlete 9,Team 1,Friday,7,7,8,10,0,0,0
2/1/2018,Athlete 15,Team 2,Friday,7.9,8,8,8,3,0,0
2/1/2018,Athlete 13,Team 2,Friday,6.8,6,8,8,4,6,5
2/1/2018,Athlete 5,Team 1,Friday,8,9,9,9,4,6,3
2/1/2018,Athlete 7,Team 1,Friday,7.1,7,10,10,6,0,4
2/1/2018,Athlete 8,Team 1,Friday,8.5,8,9,10,5,4,2
2/1/2018,Athlete 3,Team 1,Friday,7,9,8,8,1,4,3
2/1/2018,Athlete 11,Team 2,Friday,7.5,9,10,10,4,2,5
2/1/2018,Athlete 6,Team 1,Friday,5,3,5,5,3,6,6
2/1/2018,Athlete 12,Team 2,Friday,9,8,8,9,2,0,2
2/1/2018,Athlete 10,Team 1,Friday,8,10,10,8,0,0,0
2/1/2018,Athlete 1,Team 1,Friday,7.7,6,6,5,2,3,5
2/1/2018,Athlete 20,Team 2,Friday,7,4,5,10,2,5,2
2/1/2018,Athlete 18,Team 2,Friday,6.6,6,6,7,4,4,5
2/1/2018,Athlete 2,Team 2,Friday,6.8,7,9,10,0,0,0
2/2/2018,Athlete 2,Team 2,Saturday,6.9,7,9,10,0,0,0
2/2/2018,Athlete 9,Team 1,Saturday,8,10,8,7,0,0,0
2/2/2018,Athlete 5,Team 1,Saturday,6,8,7,1,2,6,2
2/2/2018,Athlete 18,Team 2,Saturday,9,7,7,3,4,4,5
2/2/2018,Athlete 3,Team 1,Saturday,5.2,3,2,1,3,9,7
2/2/2018,Athlete 4,Team 1,Saturday,9.2,9,7,8,1,1,1
2/2/2018,Athlete 13,Team 2,Saturday,6,4,6,3,4,6,6
2/2/2018,Athlete 11,Team 2,Saturday,8.3,9,9,0,3,3,4
2/2/2018,Athlete 10,Team 1,Saturday,4.5,10,10,0,0,0,0
2/2/2018,Athlete 16,Team 2,Saturday,9,7,7,8,2,2,2
2/2/2018,Athlete 17,Team 2,Saturday,8.4,7,2,10,4,6,2
2/2/2018,Athlete 7,Team 1,Saturday,8.4,10,8,10,2,0,2
2/2/2018,Athlete 8,Team 1,Saturday,7.8,8,8,10,8,4,5
2/2/2018,Athlete 19,Team 2,Saturday,10,8,9,5,5,3,2
2/2/2018,Athlete 19,Team 2,Saturday,10,8,9,4,3,2,4
2/2/2018,Athlete 6,Team 1,Saturday,4,5,5,5,5,6,5
2/2/2018,Athlete 12,Team 2,Saturday,7,5,7,8,1,0,4
2/2/2018,Athlete 20,Team 2,Saturday,6.1,7,8,10,0,2,0
2/2/2018,Athlete 1,Team 1,Saturday,11.3,8,7,7,1,1,2
2/2/2018,Athlete 15,Team 2,Saturday,6.5,7,8,0,2,0,0
2/3/2018,Athlete 17,Team 2,Sunday,4.3,3,5,0,4,2,4
2/3/2018,Athlete 12,Team 2,Sunday,9,9,9,8,1,0,1
2/3/2018,Athlete 3,Team 1,Sunday,6,7,6,2,1,1,6
2/3/2018,Athlete 9,Team 1,Sunday,8,10,10,10,0,0,0
2/3/2018,Athlete 19,Team 2,Sunday,8,3,5,5,2,1,7
2/3/2018,Athlete 15,Team 2,Sunday,7.2,5,7,0,1,0,0
2/3/2018,Athlete 2,Team 2,Sunday,8.1,10,8,9,0,0,0
2/3/2018,Athlete 1,Team 1,Sunday,11.5,5,7,5,0,1,3
2/3/2018,Athlete 18,Team 2,Sunday,9.1,7,8,3,4,3,4
2/3/2018,Athlete 11,Team 2,Sunday,7.5,8,8,4,2,1,4
2/3/2018,Athlete 20,Team 2,Sunday,7,7,10,10,0,3,0
2/3/2018,Athlete 7,Team 1,Sunday,8.5,10,10,10,2,0,0
2/4/2018,Athlete 16,Team 2,Monday,10,7,8,8,2,2,3
2/4/2018,Athlete 8,Team 1,Monday,12.5,2,6,6,4,4,9
2/4/2018,Athlete 6,Team 1,Monday,7.6,5,5,5,1,3,3
2/4/2018,Athlete 20,Team 2,Monday,9,5,8,8,3,2,0
2/4/2018,Athlete 17,Team 2,Monday,7.5,0,10,10,2,2,2
2/4/2018,Athlete 4,Team 1,Monday,12.9,8,10,8,1,1,2
2/4/2018,Athlete 20,Team 2,Monday,7.1,2,7,9,2,0,0
2/4/2018,Athlete 10,Team 1,Monday,12,10,10,0,0,0,0
2/4/2018,Athlete 5,Team 1,Monday,12.5,7,10,5,1,1,5
2/4/2018,Athlete 9,Team 1,Monday,8,5,8,10,0,0,0
2/4/2018,Athlete 15,Team 2,Monday,7,2,5,7,0,0,0
2/4/2018,Athlete 3,Team 1,Monday,7.5,10,10,8,1,1,1
2/4/2018,Athlete 18,Team 2,Monday,8.5,7,7,7,5,2,5
2/4/2018,Athlete 19,Team 2,Monday,8.6,8,7,5,2,1,5
2/4/2018,Athlete 12,Team 2,Monday,8.6,9,3,6,1,5,1
2/4/2018,Athlete 1,Team 1,Monday,7.5,7,6,6,1,1,3
2/4/2018,Athlete 2,Team 2,Monday,7,10,8,10,0,0,0
2/4/2018,Athlete 11,Team 2,Monday,8.5,7,10,10,2,1,2
2/4/2018,Athlete 13,Team 2,Monday,8.8,4,6,4,3,3,7
2/4/2018,Athlete 7,Team 1,Monday,7.6,8,8,10,3,0,0
2/4/2018,Athlete 4,Team 1,Monday,10,5,9,10,1,1,1
2/5/2018,Athlete 16,Team 2,Tuesday,9,7,7,9,2,3,2
2/5/2018,Athlete 8,Team 1,Tuesday,8.9,3,8,10,2,4,6
2/5/2018,Athlete 6,Team 1,Tuesday,8,5,5,6,1,2,1
2/5/2018,Athlete 17,Team 2,Tuesday,9,10,9,10,0,2,0
2/5/2018,Athlete 20,Team 2,Tuesday,8.1,5,6,10,1,1,0
2/5/2018,Athlete 5,Team 1,Tuesday,10.1,6,8,8,2,3,4
2/5/2018,Athlete 9,Team 1,Tuesday,9,10,10,10,4,0,1
2/5/2018,Athlete 19,Team 2,Tuesday,10.2,7,9,5,1,3,4
2/5/2018,Athlete 18,Team 2,Tuesday,8.7,6,8,7,5,2,3
2/5/2018,Athlete 3,Team 1,Tuesday,4,0,7,5,3,6,6
2/5/2018,Athlete 7,Team 1,Tuesday,8.8,8,5,10,5,0,1
2/5/2018,Athlete 15,Team 2,Tuesday,8,9,10,10,2,0,0
2/5/2018,Athlete 12,Team 2,Tuesday,9,9,5,0,1,1,1
2/5/2018,Athlete 1,Team 1,Tuesday,7,7,7,5,1,2,2
2/5/2018,Athlete 4,Team 1,Tuesday,9,8,6,9,1,2,2
2/5/2018,Athlete 5,Team 1,Tuesday,9.7,6,8,8,1,2,2
2/5/2018,Athlete 13,Team 2,Tuesday,7,6,7,7,4,5,4
2/5/2018,Athlete 2,Team 2,Tuesday,6.8,9,7,8,0,0,0
2/6/2018,Athlete 8,Team 1,Wednesday,9.3,5,8,9,7,4,6
2/6/2018,Athlete 6,Team 1,Wednesday,8,6,6,8,2,1,1
2/6/2018,Athlete 11,Team 2,Wednesday,10,9,9,10,2,1,3
2/6/2018,Athlete 17,Team 2,Wednesday,10.2,10,10,10,2,1,1
2/6/2018,Athlete 16,Team 2,Wednesday,9.5,6,8,10,2,3,2
2/6/2018,Athlete 13,Team 2,Wednesday,8,6,6,6,4,5,5
2/6/2018,Athlete 10,Team 1,Wednesday,10.1,10,6,7,0,0,0
2/6/2018,Athlete 9,Team 1,Wednesday,9,10,10,8,5,0,1
2/6/2018,Athlete 19,Team 2,Wednesday,8.7,4,5,6,2,3,5
2/6/2018,Athlete 3,Team 1,Wednesday,6,10,7,2,7,4,6
2/6/2018,Athlete 7,Team 1,Wednesday,8.4,8,8,10,5,0,0
2/6/2018,Athlete 18,Team 2,Wednesday,9.2,6,8,5,6,5,4
2/6/2018,Athlete 15,Team 2,Wednesday,9.2,10,10,0,4,0,0
2/6/2018,Athlete 12,Team 2,Wednesday,8.5,8,7,9,0,0,0
2/6/2018,Athlete 1,Team 1,Wednesday,7.3,7,6,4,3,2,5
2/6/2018,Athlete 4,Team 1,Wednesday,12.1,6,8,10,2,0,3
2/6/2018,Athlete 2,Team 2,Wednesday,8,9,9,9,0,0,0
2/7/2018,Athlete 16,Team 2,Thursday,9.5,8,8,8,3,4,3
2/7/2018,Athlete 11,Team 2,Thursday,9.5,10,10,10,2,1,2
2/7/2018,Athlete 8,Team 1,Thursday,9,6,10,10,6,3,5
2/7/2018,Athlete 6,Team 1,Thursday,7,6,6,5,1,2,1
2/7/2018,Athlete 17,Team 2,Thursday,9.9,9,10,10,2,2,2
2/7/2018,Athlete 13,Team 2,Thursday,8,5,6,7,2,6,5
2/7/2018,Athlete 5,Team 1,Thursday,9,8,9,6,5,3,3
2/7/2018,Athlete 15,Team 2,Thursday,8,8,10,10,1,0,0
2/7/2018,Athlete 18,Team 2,Thursday,8.5,5,7,8,6,3,4
2/7/2018,Athlete 3,Team 1,Thursday,6.7,7,6,4,5,7,6
2/7/2018,Athlete 9,Team 1,Thursday,7,9,10,7,1,0,1
2/7/2018,Athlete 1,Team 1,Thursday,7,3,6,5,3,1,6
2/7/2018,Athlete 19,Team 2,Thursday,7.5,7,7,5,4,2,6
2/7/2018,Athlete 12,Team 2,Thursday,9.9,9,5,0,1,5,0
2/7/2018,Athlete 7,Team 1,Thursday,6,5,7,9,7,0,5
2/7/2018,Athlete 2,Team 2,Thursday,7.1,7,9,9,0,0,3
2/7/2018,Athlete 4,Team 1,Thursday,11.1,9,1,9,2,3,3
2/8/2018,Athlete 8,Team 1,Friday,9.2,7,8,10,5,4,5
2/8/2018,Athlete 16,Team 2,Friday,9,6,8,8,3,3,2
2/8/2018,Athlete 11,Team 2,Friday,10.1,9,10,10,1,4,2
2/8/2018,Athlete 6,Team 1,Friday,8,8,6,6,2,0,1
2/8/2018,Athlete 13,Team 2,Friday,8,6,7,8,3,5,4
2/8/2018,Athlete 15,Team 2,Friday,8,7,10,10,4,0,0
2/8/2018,Athlete 12,Team 2,Friday,7.5,8,5,0,0,5,0
2/8/2018,Athlete 9,Team 1,Friday,10,10,10,8,4,0,0
2/8/2018,Athlete 1,Team 1,Friday,8.8,6,4,3,3,1,7
2/8/2018,Athlete 3,Team 1,Friday,5.5,6,6,2,8,7,7
2/8/2018,Athlete 7,Team 1,Friday,7.5,7,8,8,5,0,3
2/8/2018,Athlete 2,Team 2,Friday,8.5,8,8,8,4,0,5
2/9/2018,Athlete 8,Team 1,Saturday,10,8,8,10,5,7,4
2/9/2018,Athlete 11,Team 2,Saturday,9.2,10,10,10,1,2,2
2/9/2018,Athlete 16,Team 2,Saturday,10,8,8,9,2,5,2
2/9/2018,Athlete 13,Team 2,Saturday,7.5,6,7,8,3,6,3
2/9/2018,Athlete 20,Team 2,Saturday,7.7,8,7,10,7,2,7
2/9/2018,Athlete 3,Team 1,Saturday,5.8,8,7,1,8,7,6
2/9/2018,Athlete 12,Team 2,Saturday,7.5,6,7,8,1,0,1
2/9/2018,Athlete 19,Team 2,Saturday,5.5,7,8,3,2,2,8
2/9/2018,Athlete 1,Team 1,Saturday,6.6,4,6,5,2,0,5
2/9/2018,Athlete 9,Team 1,Saturday,7,7,9,10,1,0,0
2/9/2018,Athlete 15,Team 2,Saturday,8,8,10,0,4,0,0
2/9/2018,Athlete 18,Team 2,Saturday,6.3,4,5,2,7,1,6
2/9/2018,Athlete 5,Team 1,Saturday,9.3,7,9,8,2,6,3
2/9/2018,Athlete 7,Team 1,Saturday,8,10,10,0,4,0,0
2/10/2018,Athlete 11,Team 2,Sunday,7.3,10,10,10,4,5,4
2/10/2018,Athlete 8,Team 1,Sunday,6.9,4,6,10,6,4,4
2/10/2018,Athlete 16,Team 2,Sunday,9.5,8,6,8,2,3,2
2/10/2018,Athlete 4,Team 1,Sunday,10.4,8,10,9,7,1,4
2/10/2018,Athlete 17,Team 2,Sunday,8,7,5,7,7,2,7
2/10/2018,Athlete 6,Team 1,Sunday,7.3,6,5,7,3,0,0
2/10/2018,Athlete 5,Team 1,Sunday,9.2,8,8,8,8,6,7
2/10/2018,Athlete 13,Team 2,Sunday,7,6,5,6,6,5,4
2/10/2018,Athlete 6,Team 1,Sunday,7.5,6,5,8,3,0,0
2/10/2018,Athlete 19,Team 2,Sunday,9.1,10,9,7,5,1,1
2/10/2018,Athlete 3,Team 1,Sunday,5.5,8,8,2,4,4,6
2/10/2018,Athlete 12,Team 2,Sunday,7,8,9,0,1,1,1
2/10/2018,Athlete 9,Team 1,Sunday,10,10,10,5,1,0,0
2/10/2018,Athlete 18,Team 2,Sunday,8,6,6,1,5,3,7
2/10/2018,Athlete 1,Team 1,Sunday,8,4,5,2,1,1,6
2/10/2018,Athlete 7,Team 1,Sunday,6.2,5,5,0,1,0,4
2/11/2018,Athlete 4,Team 1,Monday,2,1,4,0,8,6,8
2/11/2018,Athlete 17,Team 2,Monday,2,2,2,0,7,2,8
2/11/2018,Athlete 16,Team 2,Monday,3.5,4,7,7,2,2,5
2/11/2018,Athlete 13,Team 2,Monday,2.5,5,6,4,4,4,6
2/11/2018,Athlete 20,Team 2,Monday,8.5,3,0,0,5,4,4
2/11/2018,Athlete 9,Team 1,Monday,10.5,10,10,7,2,0,0
2/11/2018,Athlete 18,Team 2,Monday,9,8,7,6,3,3,5
2/11/2018,Athlete 15,Team 2,Monday,8,8,10,10,2,0,0
2/11/2018,Athlete 1,Team 1,Monday,7.5,6,5,6,0,0,4
2/11/2018,Athlete 12,Team 2,Monday,8.5,5,7,10,1,1,3
2/11/2018,Athlete 3,Team 1,Monday,6,6,7,3,2,4,5
2/11/2018,Athlete 19,Team 2,Monday,9,6,7,4,1,1,4
2/11/2018,Athlete 11,Team 2,Monday,5.4,6,6,0,7,1,9
2/11/2018,Athlete 5,Team 1,Monday,2.7,7,8,1,9,4,9
2/11/2018,Athlete 6,Team 1,Monday,6.5,4,4,6,3,0,1
2/11/2018,Athlete 7,Team 1,Monday,7.5,7,8,8,0,0,2
2/11/2018,Athlete 4,Team 1,Monday,3.5,2,5,0,9,7,9
2/12/2018,Athlete 18,Team 2,Tuesday,9.2,8,7,6,5,2,3
2/12/2018,Athlete 12,Team 2,Tuesday,7.6,6,8,10,3,0,3
2/12/2018,Athlete 15,Team 2,Tuesday,9,10,10,10,0,0,0
2/12/2018,Athlete 3,Team 1,Tuesday,7,9,8,5,3,5,3
2/12/2018,Athlete 9,Team 1,Tuesday,8,10,9,9,1,0,4
2/12/2018,Athlete 10,Team 1,Tuesday,10,10,10,0,7,0,0
2/12/2018,Athlete 20,Team 2,Tuesday,9.2,6,0,0,2,0,3
2/12/2018,Athlete 5,Team 1,Tuesday,13.6,6,5,1,7,4,6
2/12/2018,Athlete 16,Team 2,Tuesday,11.5,8,7,7,2,2,4
2/12/2018,Athlete 13,Team 2,Tuesday,9.5,6,6,4,3,3,6
2/12/2018,Athlete 8,Team 1,Tuesday,13.8,8,9,10,6,4,6
2/12/2018,Athlete 11,Team 2,Tuesday,13,10,7,1,2,2,3
2/12/2018,Athlete 17,Team 2,Tuesday,7.6,8,10,6,5,0,7
2/12/2018,Athlete 6,Team 1,Tuesday,8.7,5,5,5,1,0,2
2/12/2018,Athlete 1,Team 1,Tuesday,8.5,6,5,7,0,1,5
2/12/2018,Athlete 7,Team 1,Tuesday,8,8,7,10,6,0,3
2/13/2018,Athlete 11,Team 2,Wednesday,6.5,6,6,10,2,2,4
2/13/2018,Athlete 17,Team 2,Wednesday,9.2,7,10,10,4,0,4
2/13/2018,Athlete 9,Team 1,Wednesday,8.5,10,8,7,8,0,4
2/13/2018,Athlete 6,Team 1,Wednesday,5.7,5,4,5,1,0,4
2/13/2018,Athlete 16,Team 2,Wednesday,10.5,8,8,8,2,3,2
2/13/2018,Athlete 18,Team 2,Wednesday,8.7,6,6,2,7,1,5
2/13/2018,Athlete 3,Team 1,Wednesday,7.5,9,8,2,5,5,4
2/13/2018,Athlete 15,Team 2,Wednesday,8,10,10,0,3,0,0
2/13/2018,Athlete 8,Team 1,Wednesday,7.3,5,6,10,3,7,7
2/13/2018,Athlete 10,Team 1,Wednesday,9,8,8,0,3,0,0
2/13/2018,Athlete 19,Team 2,Wednesday,8.3,5,5,7,5,3,6
2/13/2018,Athlete 5,Team 1,Wednesday,7.5,7,6,1,3,2,6
2/13/2018,Athlete 1,Team 1,Wednesday,7.5,6,7,7,4,0,6
2/13/2018,Athlete 12,Team 2,Wednesday,9.5,8,8,0,5,1,2
2/13/2018,Athlete 4,Team 1,Wednesday,14,9,8,5,7,1,8
2/13/2018,Athlete 7,Team 1,Wednesday,8,6,7,0,5,0,3
2/13/2018,Athlete 13,Team 2,Wednesday,7.7,4,5,4,2,3,6
2/13/2018,Athlete 20,Team 2,Wednesday,6.2,5,2,6,2,2,0
2/14/2018,Athlete 17,Team 2,Thursday,6.1,4,7,10,3,1,1
2/14/2018,Athlete 11,Team 2,Thursday,8.2,6,8,10,2,1,3
2/14/2018,Athlete 18,Team 2,Thursday,7.3,5,6,6,6,2,6
2/14/2018,Athlete 7,Team 1,Thursday,8,5,4,4,5,0,6
2/14/2018,Athlete 15,Team 2,Thursday,8,9,10,10,1,0,0
2/14/2018,Athlete 3,Team 1,Thursday,7,8,7,7,6,6,4
2/14/2018,Athlete 16,Team 2,Thursday,9,7,7,7,2,2,2
2/14/2018,Athlete 9,Team 1,Thursday,7,10,9,8,5,0,5
2/14/2018,Athlete 12,Team 2,Thursday,9,9,9,9,6,1,2
2/14/2018,Athlete 19,Team 2,Thursday,7.5,6,6,5,5,1,3
2/14/2018,Athlete 20,Team 2,Thursday,6.7,6,5,9,0,2,2
2/14/2018,Athlete 10,Team 1,Thursday,6,4,9,6,0,0,4
2/14/2018,Athlete 13,Team 2,Thursday,7.2,4,5,3,5,3,7
2/14/2018,Athlete 5,Team 1,Thursday,8.8,7,8,7,2,2,5
2/14/2018,Athlete 6,Team 1,Thursday,8,6,5,4,2,0,1
2/14/2018,Athlete 1,Team 1,Thursday,7,7,7,7,3,0,7
2/15/2018,Athlete 4,Team 1,Friday,10.7,8,3,9,4,8,5
2/15/2018,Athlete 17,Team 2,Friday,7.4,5,8,10,6,1,3
2/15/2018,Athlete 11,Team 2,Friday,8.2,10,10,10,6,2,5
2/15/2018,Athlete 4,Team 1,Friday,5.1,6,7,10,5,6,3
2/15/2018,Athlete 15,Team 2,Friday,9,10,10,10,0,0,0
2/15/2018,Athlete 3,Team 1,Friday,7,8,6,4,7,6,5
2/15/2018,Athlete 6,Team 1,Friday,6,5,5,5,2,0,2
2/15/2018,Athlete 5,Team 1,Friday,7,6,6,8,1,1,2
2/15/2018,Athlete 16,Team 2,Friday,8,7,6,8,2,4,3
2/15/2018,Athlete 8,Team 1,Friday,8.4,6,3,10,3,8,7
2/15/2018,Athlete 10,Team 1,Friday,9.1,10,8,7,2,0,0
2/15/2018,Athlete 1,Team 1,Friday,10.5,7,5,5,2,1,7
2/15/2018,Athlete 9,Team 1,Friday,8,10,9,9,3,0,3
2/15/2018,Athlete 13,Team 2,Friday,7,5,5,4,4,4,6
2/15/2018,Athlete 12,Team 2,Friday,9,6,8,10,4,2,2
2/15/2018,Athlete 7,Team 1,Friday,7.7,6,7,4,5,0,4
2/15/2018,Athlete 18,Team 2,Friday,9.5,8,9,7,4,2,4
2/16/2018,Athlete 20,Team 2,Saturday,7.1,3,7,5,2,5,2
2/16/2018,Athlete 19,Team 2,Saturday,9.4,8,8,6,6,1,2
2/16/2018,Athlete 17,Team 2,Saturday,6.5,7,8,10,2,0,2
2/16/2018,Athlete 3,Team 1,Saturday,7.5,8,6,1,6,1,6
2/16/2018,Athlete 8,Team 1,Saturday,8.5,6,5,9,5,3,6
2/16/2018,Athlete 9,Team 1,Saturday,9,10,6,8,2,0,1
2/16/2018,Athlete 13,Team 2,Saturday,4.5,3,6,2,3,3,6
2/16/2018,Athlete 12,Team 2,Saturday,6,4,6,0,4,1,6
2/16/2018,Athlete 2,Team 2,Saturday,7.2,10,10,4,0,0,0
2/16/2018,Athlete 16,Team 2,Saturday,10,7,8,8,2,2,2
2/16/2018,Athlete 11,Team 2,Saturday,10.5,10,4,4,2,2,3
2/16/2018,Athlete 6,Team 1,Saturday,5.5,3,4,4,2,0,1
2/16/2018,Athlete 10,Team 1,Saturday,6.9,8,8,0,5,0,0
2/16/2018,Athlete 5,Team 1,Saturday,6.3,8,9,1,1,2,5
2/16/2018,Athlete 1,Team 1,Saturday,11,8,8,5,0,0,2
2/16/2018,Athlete 7,Team 1,Saturday,7,6,5,0,4,0,4
2/17/2018,Athlete 17,Team 2,Sunday,7.1,3,10,8,0,0,3
2/17/2018,Athlete 19,Team 2,Sunday,8.3,4,7,4,6,3,7
2/17/2018,Athlete 12,Team 2,Sunday,9,5,6,0,3,0,4
2/17/2018,Athlete 11,Team 2,Sunday,8.5,10,9,0,4,2,4
2/17/2018,Athlete 5,Team 1,Sunday,9.3,6,9,1,1,3,3
2/17/2018,Athlete 3,Team 1,Sunday,4,1,3,0,4,3,8
2/17/2018,Athlete 9,Team 1,Sunday,6,8,10,10,1,0,1
2/17/2018,Athlete 4,Team 1,Sunday,9,10,8,0,4,3,2
2/17/2018,Athlete 1,Team 1,Sunday,10,7,7,5,0,0,3
2/17/2018,Athlete 15,Team 2,Sunday,9,10,10,0,0,0,0
2/17/2018,Athlete 16,Team 2,Sunday,8,6,7,7,3,3,3
2/17/2018,Athlete 6,Team 1,Sunday,7,5,4,5,1,0,1
2/17/2018,Athlete 10,Team 1,Sunday,9,7,5,0,1,0,2
2/17/2018,Athlete 13,Team 2,Sunday,9,6,8,3,1,3,5
2/17/2018,Athlete 7,Team 1,Sunday,7.5,8,7,0,0,0,2
2/17/2018,Athlete 18,Team 2,Sunday,8.4,4,6,3,3,2,5
2/18/2018,Athlete 6,Team 1,Monday,6.5,5,5,6,1,0,1
2/18/2018,Athlete 11,Team 2,Monday,8.2,10,9,10,2,2,2
2/18/2018,Athlete 15,Team 2,Monday,7.5,10,8,10,0,5,0
2/18/2018,Athlete 3,Team 1,Monday,5.8,4,2,2,4,9,8
2/18/2018,Athlete 4,Team 1,Monday,8.1,7,8,9,3,5,3
2/18/2018,Athlete 8,Team 1,Monday,9.6,5,6,8,5,3,7
2/18/2018,Athlete 5,Team 1,Monday,5.7,7,10,5,1,0,4
2/18/2018,Athlete 17,Team 2,Monday,7.5,10,10,10,0,0,0
2/18/2018,Athlete 16,Team 2,Monday,8.5,4,7,8,2,3,5
2/18/2018,Athlete 10,Team 1,Monday,8,7,7,0,2,0,4
2/18/2018,Athlete 19,Team 2,Monday,6.2,2,6,5,5,4,8
2/18/2018,Athlete 13,Team 2,Monday,6.4,6,6,6,3,5,5
2/18/2018,Athlete 12,Team 2,Monday,8.5,9,8,10,1,1,3
2/18/2018,Athlete 9,Team 1,Monday,7,8,8,8,0,0,0
2/18/2018,Athlete 20,Team 2,Monday,7,6,4,10,3,4,3
2/18/2018,Athlete 1,Team 1,Monday,7.5,7,4,4,1,1,6
2/18/2018,Athlete 18,Team 2,Monday,7.7,6,5,5,4,3,5
2/18/2018,Athlete 7,Team 1,Monday,7.4,6,6,10,0,0,3
2/19/2018,Athlete 6,Team 1,Tuesday,7.1,6,5,6,2,0,2
2/19/2018,Athlete 11,Team 2,Tuesday,8.5,10,10,10,3,2,3
2/19/2018,Athlete 16,Team 2,Tuesday,8.5,7,8,7,2,2,3
2/19/2018,Athlete 12,Team 2,Tuesday,9,8,9,10,3,1,3
2/19/2018,Athlete 3,Team 1,Tuesday,7,7,7,6,4,2,3
2/19/2018,Athlete 18,Team 2,Tuesday,7.4,7,5,5,3,3,5
2/19/2018,Athlete 13,Team 2,Tuesday,6.5,6,6,5,4,4,5
2/19/2018,Athlete 4,Team 1,Tuesday,7,8,5,9,7,7,5
2/19/2018,Athlete 17,Team 2,Tuesday,7.7,9,6,10,4,0,2
2/19/2018,Athlete 10,Team 1,Tuesday,6.4,6,6,7,3,0,3
2/19/2018,Athlete 9,Team 1,Tuesday,8,10,10,10,1,0,1
2/19/2018,Athlete 15,Team 2,Tuesday,8.3,8,9,10,2,1,0
2/19/2018,Athlete 5,Team 1,Tuesday,8,8,8,6,4,2,6
2/19/2018,Athlete 1,Team 1,Tuesday,7,6,5,6,1,0,6
2/19/2018,Athlete 7,Team 1,Tuesday,8,7,8,10,3,0,2
2/19/2018,Athlete 20,Team 2,Tuesday,7.5,6,5,5,5,2,4
2/20/2018,Athlete 4,Team 1,Wednesday,7.7,9,5,5,6,8,3
2/20/2018,Athlete 11,Team 2,Wednesday,6.5,8,10,10,2,4,3
2/20/2018,Athlete 15,Team 2,Wednesday,8.3,10,10,0,1,1,0
2/20/2018,Athlete 19,Team 2,Wednesday,6.8,5,8,8,10,5,8
2/20/2018,Athlete 12,Team 2,Wednesday,8,7,8,0,7,1,4
2/20/2018,Athlete 8,Team 1,Wednesday,8.1,8,7,9,7,2,2
2/20/2018,Athlete 3,Team 1,Wednesday,7.5,8,7,1,4,1,4
2/20/2018,Athlete 9,Team 1,Wednesday,9,10,10,10,2,0,1
2/20/2018,Athlete 7,Team 1,Wednesday,8,8,7,0,5,0,3
2/20/2018,Athlete 5,Team 1,Wednesday,9.3,10,8,2,9,5,4
2/20/2018,Athlete 10,Team 1,Wednesday,7,7,6,0,6,0,3
2/20/2018,Athlete 18,Team 2,Wednesday,10.5,5,3,2,3,3,3
2/20/2018,Athlete 17,Team 2,Wednesday,8.9,9,9,2,7,4,7
2/20/2018,Athlete 1,Team 1,Wednesday,8.2,7,6,5,0,0,4
2/20/2018,Athlete 6,Team 1,Wednesday,5.5,5,5,5,3,0,1
2/20/2018,Athlete 13,Team 2,Wednesday,7.5,5,6,4,5,3,4
2/21/2018,Athlete 11,Team 2,Thursday,8.6,10,10,10,5,5,5
2/21/2018,Athlete 20,Team 2,Thursday,6.7,6,6,8,3,0,4
2/21/2018,Athlete 9,Team 1,Thursday,8,10,10,10,3,0,1
2/21/2018,Athlete 17,Team 2,Thursday,7.3,9,10,10,5,10,3
2/21/2018,Athlete 3,Team 1,Thursday,6.8,6,7,8,2,2,4
2/21/2018,Athlete 16,Team 2,Thursday,9,8,8,0,3,2,3
2/21/2018,Athlete 5,Team 1,Thursday,8,9,7,5,8,3,6
2/21/2018,Athlete 13,Team 2,Thursday,7.1,5,6,6,4,6,5
2/21/2018,Athlete 10,Team 1,Thursday,7,5,6,7,2,0,2
2/21/2018,Athlete 8,Team 1,Thursday,7.5,7,6,10,5,4,3
2/21/2018,Athlete 18,Team 2,Thursday,8.2,5,6,6,4,3,5
2/21/2018,Athlete 12,Team 2,Thursday,8.7,9,7,10,3,1,4
2/21/2018,Athlete 1,Team 1,Thursday,7,5,5,4,2,3,6
2/21/2018,Athlete 15,Team 2,Thursday,7.8,10,10,10,1,0,0
2/21/2018,Athlete 6,Team 1,Thursday,6,5,5,5,2,0,1
2/21/2018,Athlete 7,Team 1,Thursday,8.2,8,7,10,4,0,3
2/22/2018,Athlete 17,Team 2,Friday,7.4,10,9,10,7,2,7
2/22/2018,Athlete 20,Team 2,Friday,6.2,6,5,8,7,0,7
2/22/2018,Athlete 3,Team 1,Friday,5.9,3,5,3,7,4,6
2/22/2018,Athlete 4,Team 1,Friday,7.4,9,7,1,7,8,8
2/22/2018,Athlete 11,Team 2,Friday,8.5,10,10,10,4,2,5
2/22/2018,Athlete 18,Team 2,Friday,8.3,5,5,4,4,3,4
2/22/2018,Athlete 5,Team 1,Friday,8,9,6,5,8,3,6
2/22/2018,Athlete 13,Team 2,Friday,6.9,6,7,5,7,4,7
2/22/2018,Athlete 15,Team 2,Friday,8,8,5,9,0,3,0
2/22/2018,Athlete 9,Team 1,Friday,4,2,2,2,8,0,1
2/22/2018,Athlete 12,Team 2,Friday,8.5,7,7,6,7,3,7
2/22/2018,Athlete 8,Team 1,Friday,8.1,7,7,9,9,5,6
2/22/2018,Athlete 1,Team 1,Friday,7.5,6,5,5,3,1,7
2/22/2018,Athlete 19,Team 2,Friday,6.9,5,5,5,7,4,8
2/22/2018,Athlete 7,Team 1,Friday,8,8,8,10,0,0,3
2/23/2018,Athlete 12,Team 2,Saturday,8.7,7,7,0,5,1,5
2/23/2018,Athlete 2,Team 2,Saturday,7.7,8,8,3,2,2,0
2/23/2018,Athlete 20,Team 2,Saturday,8.5,6,6,0,4,3,2
2/23/2018,Athlete 15,Team 2,Saturday,9,10,10,0,2,0,0
2/23/2018,Athlete 11,Team 2,Saturday,9.2,10,10,0,3,2,4
2/23/2018,Athlete 3,Team 1,Saturday,7.5,7,8,3,4,3,5
2/23/2018,Athlete 8,Team 1,Saturday,7.2,6,6,9,7,4,5
2/23/2018,Athlete 9,Team 1,Saturday,11,6,6,7,5,0,2
2/23/2018,Athlete 7,Team 1,Saturday,6.5,7,8,0,3,0,3
2/23/2018,Athlete 16,Team 2,Saturday,9,8,8,8,2,2,2
2/23/2018,Athlete 10,Team 1,Saturday,11.2,10,8,0,4,0,0
2/23/2018,Athlete 1,Team 1,Saturday,10.5,7,7,4,5,0,4
2/23/2018,Athlete 17,Team 2,Saturday,8,9,10,0,2,0,4
2/23/2018,Athlete 13,Team 2,Saturday,8.2,6,6,3,5,3,4
2/23/2018,Athlete 4,Team 1,Saturday,5.7,7,8,9,3,7,3
2/23/2018,Athlete 6,Team 1,Saturday,7.5,4,5,5,2,0,1
2/24/2018,Athlete 11,Team 2,Sunday,9,9,10,5,3,1,4
2/24/2018,Athlete 16,Team 2,Sunday,8,8,8,8,2,2,2
2/24/2018,Athlete 18,Team 2,Sunday,8.5,5,5,2,3,2,6
2/24/2018,Athlete 8,Team 1,Sunday,8,7,5,10,5,2,6
2/24/2018,Athlete 9,Team 1,Sunday,8,10,10,5,2,0,1
2/24/2018,Athlete 17,Team 2,Sunday,6.2,7,6,1,4,3,4
2/24/2018,Athlete 5,Team 1,Sunday,6.6,8,8,1,2,6,5
2/24/2018,Athlete 12,Team 2,Sunday,6.5,5,6,0,3,0,3
2/24/2018,Athlete 15,Team 2,Sunday,8.5,9,10,0,1,0,0
2/24/2018,Athlete 7,Team 1,Sunday,5,3,7,0,0,0,5
2/24/2018,Athlete 10,Team 1,Sunday,9,8,8,0,5,0,3
2/24/2018,Athlete 3,Team 1,Sunday,6,3,8,0,1,2,8
2/24/2018,Athlete 6,Team 1,Sunday,5.5,4,5,5,2,0,1
2/24/2018,Athlete 1,Team 1,Sunday,11.3,8,7,6,7,0,3
2/24/2018,Athlete 17,Team 2,Sunday,5.7,7,4,0,2,2,4
2/24/2018,Athlete 4,Team 1,Sunday,9,10,8,1,3,2,3
2/24/2018,Athlete 19,Team 2,Sunday,7.6,8,5,4,6,8,5
2/25/2018,Athlete 11,Team 2,Monday,8.5,10,8,7,2,2,5
2/25/2018,Athlete 20,Team 2,Monday,8.1,7,8,6,2,2,2
2/25/2018,Athlete 10,Team 1,Monday,9,10,9,8,2,0,1
2/25/2018,Athlete 9,Team 1,Monday,8,7,8,9,3,0,1
2/25/2018,Athlete 16,Team 2,Monday,9,7,8,8,2,2,3
2/25/2018,Athlete 18,Team 2,Monday,8.9,5,6,5,3,3,4
2/25/2018,Athlete 6,Team 1,Monday,6.4,6,5,5,1,0,0
2/25/2018,Athlete 3,Team 1,Monday,8.3,9,9,8,1,2,3
2/25/2018,Athlete 12,Team 2,Monday,9.3,9,8,10,2,1,3
2/25/2018,Athlete 8,Team 1,Monday,8.9,6,7,10,3,5,8
2/25/2018,Athlete 4,Team 1,Monday,7.1,9,9,9,2,2,2
2/25/2018,Athlete 15,Team 2,Monday,8,10,10,10,0,0,0
2/25/2018,Athlete 5,Team 1,Monday,8.2,8,8,6,2,3,3
2/25/2018,Athlete 13,Team 2,Monday,5.7,5,5,5,3,5,5
2/25/2018,Athlete 19,Team 2,Monday,8.6,8,6,8,4,3,4
2/25/2018,Athlete 1,Team 1,Monday,7.5,7,7,6,3,1,1
2/25/2018,Athlete 7,Team 1,Monday,10,8,8,10,0,0,6
2/26/2018,Athlete 11,Team 2,Tuesday,8.2,9,8,9,3,3,4
2/26/2018,Athlete 20,Team 2,Tuesday,4.9,0,2,6,3,5,3
2/26/2018,Athlete 16,Team 2,Tuesday,9.5,8,8,8,2,2,2
2/26/2018,Athlete 17,Team 2,Tuesday,7.2,7,7,10,4,0,3
2/26/2018,Athlete 19,Team 2,Tuesday,7.6,4,6,10,9,5,7
2/26/2018,Athlete 13,Team 2,Tuesday,6.5,6,6,6,4,5,4
2/26/2018,Athlete 15,Team 2,Tuesday,5.5,1,10,10,0,0,0
2/26/2018,Athlete 3,Team 1,Tuesday,6,5,8,7,2,2,4
2/26/2018,Athlete 18,Team 2,Tuesday,7.6,4,4,4,2,4,6
2/26/2018,Athlete 12,Team 2,Tuesday,9.9,8,5,10,2,0,3
2/26/2018,Athlete 8,Team 1,Tuesday,9.2,8,5,9,6,8,7
2/26/2018,Athlete 9,Team 1,Tuesday,10,10,10,10,2,0,0
2/26/2018,Athlete 10,Team 1,Tuesday,8,10,10,7,1,0,0
2/26/2018,Athlete 5,Team 1,Tuesday,7,7,2,4,0,5,1
2/26/2018,Athlete 4,Team 1,Tuesday,4.3,2,4,9,4,9,3
2/26/2018,Athlete 1,Team 1,Tuesday,7,6,7,6,2,1,3
2/27/2018,Athlete 11,Team 2,Wednesday,8.5,10,8,8,2,2,3
2/27/2018,Athlete 10,Team 1,Wednesday,7.5,7,7,3,2,0,2
2/27/2018,Athlete 9,Team 1,Wednesday,8,10,8,10,3,0,1
2/27/2018,Athlete 13,Team 2,Wednesday,5.8,6,6,6,4,4,6
2/27/2018,Athlete 5,Team 1,Wednesday,10.1,9,7,7,4,4,2
2/27/2018,Athlete 17,Team 2,Wednesday,5.5,3,5,3,4,1,7
2/27/2018,Athlete 1,Team 1,Wednesday,7,7,6,5,2,1,5
2/27/2018,Athlete 12,Team 2,Wednesday,9,9,5,7,2,4,2
2/27/2018,Athlete 15,Team 2,Wednesday,8,10,10,10,2,0,0
2/27/2018,Athlete 3,Team 1,Wednesday,6,7,7,7,3,2,6
2/27/2018,Athlete 18,Team 2,Wednesday,7.8,6,9,5,4,0,5
2/27/2018,Athlete 16,Team 2,Wednesday,9.5,8,8,8,2,2,2
2/27/2018,Athlete 19,Team 2,Wednesday,8.8,8,7,8,7,8,4
2/27/2018,Athlete 7,Team 1,Wednesday,7,7,8,10,3,0,4
2/28/2018,Athlete 11,Team 2,Thursday,7.5,10,9,1,2,3,3
2/28/2018,Athlete 10,Team 1,Thursday,6,5,5,0,2,0,1
2/28/2018,Athlete 6,Team 1,Thursday,3,5,5,6,1,0,1
2/28/2018,Athlete 17,Team 2,Thursday,7.6,9,6,0,2,5,2
2/28/2018,Athlete 8,Team 1,Thursday,7.2,6,8,9,3,3,6
2/28/2018,Athlete 3,Team 1,Thursday,3.5,3,3,5,1,4,8
2/28/2018,Athlete 18,Team 2,Thursday,5.6,4,4,3,5,3,7
2/28/2018,Athlete 12,Team 2,Thursday,9.6,8,7,10,4,0,4
2/28/2018,Athlete 4,Team 1,Thursday,6,7,7,1,4,4,2
2/28/2018,Athlete 16,Team 2,Thursday,10,8,8,8,2,2,2
2/28/2018,Athlete 7,Team 1,Thursday,5,6,7,0,0,0,4
2/28/2018,Athlete 9,Team 1,Thursday,4,6,8,5,0,0,0
2/28/2018,Athlete 13,Team 2,Thursday,4.5,5,5,4,4,5,6
2/28/2018,Athlete 19,Team 2,Thursday,7.8,8,7,6,8,3,6
2/28/2018,Athlete 5,Team 1,Thursday,6.1,8,8,6,1,3,5
2/28/2018,Athlete 15,Team 2,Thursday,8,9,10,0,1,0,0
2/28/2018,Athlete 1,Team 1,Thursday,6,5,7,6,2,0,6
2/28/2018,Athlete 20,Team 2,Thursday,8.5,7,6,0,3,2,0
3/1/2018,Athlete 12,Team 2,Friday,2.5,0,5,0,6,1,7
3/1/2018,Athlete 6,Team 1,Friday,7.5,6,5,6,1,0,1
3/1/2018,Athlete 19,Team 2,Friday,9,10,8,7,7,4,5
3/1/2018,Athlete 17,Team 2,Friday,12.7,9,10,9,2,1,3
3/1/2018,Athlete 3,Team 1,Friday,5.3,7,8,8,1,2,3
3/1/2018,Athlete 15,Team 2,Friday,6,5,10,0,0,2,0
3/1/2018,Athlete 10,Team 1,Friday,12,8,5,6,1,0,2
3/1/2018,Athlete 8,Team 1,Friday,11.1,6,8,10,6,4,3
3/1/2018,Athlete 16,Team 2,Friday,8,7,8,8,2,2,2
3/1/2018,Athlete 9,Team 1,Friday,8,9,10,10,0,0,0
3/1/2018,Athlete 11,Team 2,Friday,8.2,9,10,10,2,2,3
3/1/2018,Athlete 20,Team 2,Friday,8.7,7,7,0,0,4,2
3/1/2018,Athlete 18,Team 2,Friday,9.7,8,8,5,3,3,3
3/1/2018,Athlete 7,Team 1,Friday,6.9,7,7,0,0,0,4
3/1/2018,Athlete 1,Team 1,Friday,9,7,7,6,1,0,4
3/2/2018,Athlete 11,Team 2,Saturday,9,10,10,10,3,4,4
3/2/2018,Athlete 3,Team 1,Saturday,7.5,8,9,9,1,6,2
3/2/2018,Athlete 13,Team 2,Saturday,7.2,6,6,6,3,4,3
3/2/2018,Athlete 5,Team 1,Saturday,8.8,9,9,9,1,5,1
3/2/2018,Athlete 18,Team 2,Saturday,9,6,7,6,4,6,5
3/2/2018,Athlete 10,Team 1,Saturday,7.5,8,6,7,2,0,2
3/2/2018,Athlete 9,Team 1,Saturday,8,10,10,10,0,0,0
3/2/2018,Athlete 12,Team 2,Saturday,9.5,5,8,0,1,0,2
3/2/2018,Athlete 15,Team 2,Saturday,8,10,10,0,0,0,0
3/2/2018,Athlete 1,Team 1,Saturday,11,8,6,5,4,0,3
3/2/2018,Athlete 7,Team 1,Saturday,6.1,4,8,0,0,0,5
3/2/2018,Athlete 16,Team 2,Saturday,10,8,8,8,2,2,2
3/2/2018,Athlete 6,Team 1,Saturday,7,7,6,10,3,0,1
3/2/2018,Athlete 8,Team 1,Saturday,9.4,8,9,10,3,6,4
3/2/2018,Athlete 4,Team 1,Saturday,6.9,3,7,9,2,1,4
3/3/2018,Athlete 11,Team 2,Sunday,7.3,6,10,10,7,3,6
3/3/2018,Athlete 18,Team 2,Sunday,7,6,7,0,7,0,7
3/3/2018,Athlete 3,Team 1,Sunday,6.8,6,6,8,2,5,3
3/3/2018,Athlete 18,Team 2,Sunday,8.1,4,6,7,5,4,5
3/3/2018,Athlete 5,Team 1,Sunday,8.9,6,6,8,8,5,5
3/3/2018,Athlete 9,Team 1,Sunday,7,10,10,10,0,0,0
3/3/2018,Athlete 17,Team 2,Sunday,8.4,7,10,10,9,2,5
3/3/2018,Athlete 7,Team 1,Sunday,7,7,9,0,0,0,2
3/3/2018,Athlete 13,Team 2,Sunday,7,6,7,7,4,3,4
3/3/2018,Athlete 20,Team 2,Sunday,7.8,6,8,5,2,0,0
3/3/2018,Athlete 15,Team 2,Sunday,9,9,8,0,0,2,0
3/3/2018,Athlete 1,Team 1,Sunday,11,7,7,6,2,0,1
3/3/2018,Athlete 6,Team 1,Sunday,7,6,6,9,5,0,3
3/3/2018,Athlete 10,Team 1,Sunday,6.1,6,6,8,4,6,3
3/4/2018,Athlete 20,Team 2,Monday,6.9,9,5,10,1,2,0
3/4/2018,Athlete 11,Team 2,Monday,5.5,8,10,0,5,5,7
3/4/2018,Athlete 16,Team 2,Monday,9,7,8,8,2,2,2
3/4/2018,Athlete 8,Team 1,Monday,6.3,4,9,8,7,1,8
3/4/2018,Athlete 10,Team 1,Monday,8,5,6,0,4,0,2
3/4/2018,Athlete 15,Team 2,Monday,4,1,8,3,0,3,8
3/4/2018,Athlete 12,Team 2,Monday,12,9,8,10,2,1,1
3/4/2018,Athlete 3,Team 1,Monday,5,5,7,2,1,0,3
3/4/2018,Athlete 9,Team 1,Monday,8,10,10,10,0,0,0
3/4/2018,Athlete 1,Team 1,Monday,7.7,7,4,1,0,3,7
3/4/2018,Athlete 13,Team 2,Monday,6.5,4,6,4,4,3,5
3/4/2018,Athlete 17,Team 2,Monday,7.1,7,9,0,10,0,10
3/4/2018,Athlete 5,Team 1,Monday,7.5,9,8,1,10,1,2
3/4/2018,Athlete 6,Team 1,Monday,5.7,4,4,5,2,0,1
3/5/2018,Athlete 10,Team 1,Tuesday,10,8,7,0,6,0,2
3/5/2018,Athlete 15,Team 2,Tuesday,7.5,7,8,7,1,9,2
3/5/2018,Athlete 12,Team 2,Tuesday,8,8,7,6,7,1,3
3/5/2018,Athlete 4,Team 1,Tuesday,8.6,8,9,5,7,2,8
3/5/2018,Athlete 19,Team 2,Tuesday,7.6,7,2,7,7,8,5
3/5/2018,Athlete 16,Team 2,Tuesday,8,8,8,8,4,2,3
3/5/2018,Athlete 6,Team 1,Tuesday,6.2,4,4,4,3,0,2
3/5/2018,Athlete 11,Team 2,Tuesday,9.4,10,6,0,7,5,3
3/5/2018,Athlete 1,Team 1,Tuesday,7.3,7,6,7,1,1,3
3/5/2018,Athlete 18,Team 2,Tuesday,8.6,6,5,1,7,1,6
3/5/2018,Athlete 9,Team 1,Tuesday,8,10,10,10,0,0,0
3/5/2018,Athlete 3,Team 1,Tuesday,6,2,5,2,1,2,5
3/5/2018,Athlete 20,Team 2,Tuesday,8,5,6,6,3,0,2
3/5/2018,Athlete 7,Team 1,Tuesday,7,7,6,0,0,0,3
3/5/2018,Athlete 8,Team 1,Tuesday,11.2,7,9,10,6,4,3
3/5/2018,Athlete 5,Team 1,Tuesday,11.9,4,7,1,8,2,2
3/5/2018,Athlete 13,Team 2,Tuesday,7,4,6,3,3,4,5
3/5/2018,Athlete 17,Team 2,Tuesday,10.6,10,10,2,9,0,9
3/6/2018,Athlete 11,Team 2,Wednesday,8.5,8,7,10,5,4,6
3/6/2018,Athlete 17,Team 2,Wednesday,8.1,10,10,8,6,0,4
3/6/2018,Athlete 12,Team 2,Wednesday,9.2,8,9,0,4,0,2
3/6/2018,Athlete 19,Team 2,Wednesday,6.8,2,2,3,7,9,10
3/6/2018,Athlete 6,Team 1,Wednesday,7.5,7,5,5,1,0,2
3/6/2018,Athlete 8,Team 1,Wednesday,8.4,2,7,10,4,6,7
3/6/2018,Athlete 10,Team 1,Wednesday,9,7,5,0,2,5,0
3/6/2018,Athlete 4,Team 1,Wednesday,7.7,8,8,8,5,3,5
3/6/2018,Athlete 3,Team 1,Wednesday,6.5,6,8,4,0,5,3
3/6/2018,Athlete 15,Team 2,Wednesday,8,6,10,0,0,0,0
3/6/2018,Athlete 16,Team 2,Wednesday,8,8,8,8,2,2,3
3/6/2018,Athlete 18,Team 2,Wednesday,8.1,6,5,2,4,2,7
3/6/2018,Athlete 7,Team 1,Wednesday,7,6,5,0,2,0,2
3/6/2018,Athlete 1,Team 1,Wednesday,7,7,6,5,3,1,4
3/6/2018,Athlete 9,Team 1,Wednesday,14,10,10,10,0,0,0
3/6/2018,Athlete 13,Team 2,Wednesday,7,6,6,4,2,4,5
3/6/2018,Athlete 5,Team 1,Wednesday,9,8,9,1,6,1,2
3/6/2018,Athlete 20,Team 2,Wednesday,8.1,7,6,0,3,0,0
3/7/2018,Athlete 12,Team 2,Thursday,8.5,8,8,10,2,1,2
3/7/2018,Athlete 15,Team 2,Thursday,7,9,10,10,0,0,0
3/7/2018,Athlete 16,Team 2,Thursday,9,8,8,8,2,2,2
3/7/2018,Athlete 4,Team 1,Thursday,8.8,7,8,8,5,2,2
3/7/2018,Athlete 8,Team 1,Thursday,9.3,9,9,10,5,3,5
3/7/2018,Athlete 11,Team 2,Thursday,9.9,9,10,10,6,3,5
3/7/2018,Athlete 1,Team 1,Thursday,6.5,6,5,5,2,3,6
3/7/2018,Athlete 19,Team 2,Thursday,11,7,7,6,4,4,5
3/7/2018,Athlete 9,Team 1,Thursday,8,10,10,10,0,0,0
3/7/2018,Athlete 3,Team 1,Thursday,7.8,8,8,7,0,3,1
3/7/2018,Athlete 10,Team 1,Thursday,9.5,8,8,4,1,0,0
3/7/2018,Athlete 17,Team 2,Thursday,6.1,9,7,0,5,0,3
3/7/2018,Athlete 18,Team 2,Thursday,8.5,6,6,3,4,1,4
3/7/2018,Athlete 13,Team 2,Thursday,7.6,6,5,5,3,3,5
3/7/2018,Athlete 7,Team 1,Thursday,8,7,6,10,4,0,3
3/7/2018,Athlete 20,Team 2,Thursday,7.9,6,6,8,0,0,2
3/7/2018,Athlete 6,Team 1,Thursday,7.5,5,5,5,3,0,1
3/8/2018,Athlete 17,Team 2,Friday,4,3,9,10,7,1,4
3/8/2018,Athlete 11,Team 2,Friday,7,9,7,8,6,3,8
3/8/2018,Athlete 20,Team 2,Friday,6.9,4,5,7,0,0,3
3/8/2018,Athlete 10,Team 1,Friday,6.2,7,7,3,0,0,2
3/8/2018,Athlete 15,Team 2,Friday,8.5,10,10,10,5,0,0
3/8/2018,Athlete 18,Team 2,Friday,7.7,6,5,3,3,3,4
3/8/2018,Athlete 3,Team 1,Friday,6.1,7,9,8,6,3,2
3/8/2018,Athlete 19,Team 2,Friday,5.5,2,0,2,2,5,9
3/8/2018,Athlete 12,Team 2,Friday,8.6,8,8,10,6,0,1
3/8/2018,Athlete 9,Team 1,Friday,8,10,9,9,4,0,0
3/8/2018,Athlete 5,Team 1,Friday,7.4,9,5,6,4,2,3
3/8/2018,Athlete 13,Team 2,Friday,5.7,6,6,6,2,4,5
3/8/2018,Athlete 1,Team 1,Friday,7.5,7,6,5,3,1,7
3/8/2018,Athlete 16,Team 2,Friday,8.5,7,8,9,2,2,2
3/8/2018,Athlete 7,Team 1,Friday,8,8,8,10,4,0,3
3/8/2018,Athlete 8,Team 1,Friday,8.2,7,7,10,8,4,4
3/9/2018,Athlete 11,Team 2,Saturday,8.3,8,8,1,5,4,7
3/9/2018,Athlete 12,Team 2,Saturday,8.5,7,9,0,6,2,5
3/9/2018,Athlete 17,Team 2,Saturday,10,9,10,10,3,3,2
3/9/2018,Athlete 3,Team 1,Saturday,5.2,7,7,0,3,7,2
3/9/2018,Athlete 8,Team 1,Saturday,8.2,7,10,10,7,3,7
3/9/2018,Athlete 10,Team 1,Saturday,8,9,8,0,1,0,1
3/9/2018,Athlete 9,Team 1,Saturday,9,10,10,10,5,0,0
3/9/2018,Athlete 1,Team 1,Saturday,9,7,5,5,3,1,7
3/9/2018,Athlete 13,Team 2,Saturday,8,5,5,4,4,3,4
3/9/2018,Athlete 16,Team 2,Saturday,10,8,8,8,3,2,4
3/9/2018,Athlete 18,Team 2,Saturday,8,5,6,2,1,1,6
3/9/2018,Athlete 7,Team 1,Saturday,6,7,8,0,5,0,2
3/9/2018,Athlete 5,Team 1,Saturday,9.6,8,7,3,5,3,2
3/9/2018,Athlete 20,Team 2,Saturday,5.6,4,3,0,3,2,0
3/9/2018,Athlete 6,Team 1,Saturday,4.8,5,5,5,3,0,2
3/10/2018,Athlete 19,Team 2,Sunday,9.1,7,6,7,2,4,6
3/10/2018,Athlete 11,Team 2,Sunday,7.9,7,8,0,5,2,5
3/10/2018,Athlete 15,Team 2,Sunday,8,10,10,0,3,0,0
3/10/2018,Athlete 9,Team 1,Sunday,7,10,10,6,2,0,1
3/10/2018,Athlete 10,Team 1,Sunday,7.2,7,7,0,2,0,3
3/10/2018,Athlete 18,Team 2,Sunday,7.4,6,6,1,1,1,3
3/10/2018,Athlete 3,Team 1,Sunday,6,7,5,0,2,6,5
3/10/2018,Athlete 16,Team 2,Sunday,10,7,9,8,2,2,3
3/10/2018,Athlete 12,Team 2,Sunday,8.5,5,7,0,6,1,3
3/10/2018,Athlete 5,Team 1,Sunday,10,8,8,2,2,1,3
3/10/2018,Athlete 20,Team 2,Sunday,9,3,3,0,2,1,0
3/10/2018,Athlete 1,Team 1,Sunday,11.4,7,6,5,2,0,3
3/10/2018,Athlete 7,Team 1,Sunday,4.9,8,8,0,0,0,3
3/10/2018,Athlete 6,Team 1,Sunday,6.5,4,4,5,3,0,1
3/10/2018,Athlete 13,Team 2,Sunday,8.1,6,7,5,1,4,4
3/10/2018,Athlete 8,Team 1,Sunday,9.1,9,9,10,7,1,6
3/10/2018,Athlete 17,Team 2,Sunday,9.7,10,9,3,3,0,3
3/11/2018,Athlete 19,Team 2,Monday,8.5,9,9,9,2,2,4
3/11/2018,Athlete 6,Team 1,Monday,7,6,5,5,1,0,1
3/11/2018,Athlete 11,Team 2,Monday,8.3,10,9,10,4,3,4
3/11/2018,Athlete 17,Team 2,Monday,8.6,10,10,10,1,1,0
3/11/2018,Athlete 10,Team 1,Monday,7,7,7,5,0,0,3
3/11/2018,Athlete 9,Team 1,Monday,10,10,10,10,3,0,0
3/11/2018,Athlete 3,Team 1,Monday,6,9,8,6,1,4,5
3/11/2018,Athlete 7,Team 1,Monday,8,8,7,10,4,0,2
3/11/2018,Athlete 12,Team 2,Monday,8,7,7,10,3,3,2
3/11/2018,Athlete 13,Team 2,Monday,6,6,6,6,2,6,4
3/11/2018,Athlete 16,Team 2,Monday,9,8,8,9,2,3,2
3/11/2018,Athlete 5,Team 1,Monday,7.3,8,8,8,1,4,2
3/11/2018,Athlete 18,Team 2,Monday,6,5,3,5,3,6,7
3/11/2018,Athlete 8,Team 1,Monday,7.7,3,5,10,6,6,6
3/11/2018,Athlete 4,Team 1,Monday,1.8,1,1,1,4,10,7
3/11/2018,Athlete 15,Team 2,Monday,7,8,10,10,0,0,0
3/11/2018,Athlete 1,Team 1,Monday,7.4,7,4,5,1,5,3
3/12/2018,Athlete 11,Team 2,Tuesday,8.3,10,9,10,4,4,5
3/12/2018,Athlete 6,Team 1,Tuesday,7,5,5,5,3,0,2
3/12/2018,Athlete 10,Team 1,Tuesday,9,10,9,8,0,0,0
3/12/2018,Athlete 17,Team 2,Tuesday,9,10,10,10,3,0,2
3/12/2018,Athlete 8,Team 1,Tuesday,7.8,4,6,9,7,6,6
3/12/2018,Athlete 9,Team 1,Tuesday,9,10,10,10,1,0,1
3/12/2018,Athlete 5,Team 1,Tuesday,9.1,8,7,8,6,2,3
3/12/2018,Athlete 18,Team 2,Tuesday,8.8,6,6,5,3,3,3
3/12/2018,Athlete 1,Team 1,Tuesday,7,7,5,6,2,3,5
3/12/2018,Athlete 3,Team 1,Tuesday,6.5,5,8,6,4,6,5
3/12/2018,Athlete 19,Team 2,Tuesday,8.1,9,8,5,10,6,5
3/12/2018,Athlete 16,Team 2,Tuesday,9,8,8,8,3,3,3
3/12/2018,Athlete 12,Team 2,Tuesday,8,8,8,10,4,2,3
3/12/2018,Athlete 4,Team 1,Tuesday,12.1,9,8,9,4,2,2
3/12/2018,Athlete 15,Team 2,Tuesday,8.5,10,10,10,2,0,0
3/12/2018,Athlete 13,Team 2,Tuesday,7.5,5,6,6,4,5,4
3/12/2018,Athlete 7,Team 1,Tuesday,8,8,8,10,5,0,2
3/13/2018,Athlete 11,Team 2,Wednesday,9.2,9,9,5,2,3,3
3/13/2018,Athlete 1,Team 1,Wednesday,6.8,4,4,2,2,2,7
3/13/2018,Athlete 8,Team 1,Wednesday,10.6,7,6,10,8,4,7
3/13/2018,Athlete 6,Team 1,Wednesday,8,5,5,5,3,0,1
3/13/2018,Athlete 10,Team 1,Wednesday,8,10,10,0,4,0,0
3/13/2018,Athlete 16,Team 2,Wednesday,10,8,8,8,3,2,3
3/13/2018,Athlete 9,Team 1,Wednesday,9,10,10,9,2,0,1
3/13/2018,Athlete 3,Team 1,Wednesday,7,8,7,0,9,3,8
3/13/2018,Athlete 4,Team 1,Wednesday,10.5,9,7,3,5,2,5
3/13/2018,Athlete 12,Team 2,Wednesday,9.2,9,8,10,5,1,4
3/13/2018,Athlete 13,Team 2,Wednesday,7,5,3,2,6,6,3
3/13/2018,Athlete 15,Team 2,Wednesday,9,10,10,0,7,0,0
3/13/2018,Athlete 17,Team 2,Wednesday,7.9,8,10,5,4,3,3
3/13/2018,Athlete 18,Team 2,Wednesday,8.6,5,6,3,4,3,4
3/13/2018,Athlete 7,Team 1,Wednesday,8.1,8,8,0,4,0,3
3/13/2018,Athlete 5,Team 1,Wednesday,8.2,8,2,5,8,6,3
3/13/2018,Athlete 19,Team 2,Wednesday,5.8,5,5,3,8,5,9
3/14/2018,Athlete 11,Team 2,Thursday,8.2,0,9,10,2,2,2
3/14/2018,Athlete 17,Team 2,Thursday,7,10,9,10,4,4,2
3/14/2018,Athlete 10,Team 1,Thursday,7,6,8,9,3,0,3
3/14/2018,Athlete 16,Team 2,Thursday,9,6,8,8,3,3,3
3/14/2018,Athlete 8,Team 1,Thursday,9.2,6,6,10,7,6,7
3/14/2018,Athlete 1,Team 1,Thursday,7.3,6,4,4,2,4,7
3/14/2018,Athlete 18,Team 2,Thursday,8.4,5,6,6,4,2,4
3/14/2018,Athlete 3,Team 1,Thursday,7,8,7,8,4,5,3
3/14/2018,Athlete 4,Team 1,Thursday,9.2,6,8,9,5,5,6
3/14/2018,Athlete 9,Team 1,Thursday,8,10,10,10,3,0,0
3/14/2018,Athlete 12,Team 2,Thursday,8,9,8,10,4,2,2
3/14/2018,Athlete 15,Team 2,Thursday,7,10,10,10,7,0,0
3/14/2018,Athlete 5,Team 1,Thursday,6.5,7,8,9,5,7,6
3/14/2018,Athlete 13,Team 2,Thursday,6.1,6,5,6,3,4,4
3/14/2018,Athlete 6,Team 1,Thursday,5.5,7,5,5,2,0,1
3/14/2018,Athlete 20,Team 2,Thursday,7.1,4,5,6,0,2,3
3/14/2018,Athlete 7,Team 1,Thursday,9,8,7,10,4,0,0
3/15/2018,Athlete 11,Team 2,Friday,7.2,7,8,8,4,2,4
3/15/2018,Athlete 20,Team 2,Friday,7.2,5,5,5,3,3,2
3/15/2018,Athlete 18,Team 2,Friday,8.2,5,6,5,5,4,4
3/15/2018,Athlete 10,Team 1,Friday,5.6,5,7,4,7,0,5
3/15/2018,Athlete 16,Team 2,Friday,9,8,8,8,4,3,5
3/15/2018,Athlete 3,Team 1,Friday,7,0,8,6,7,4,6
3/15/2018,Athlete 17,Team 2,Friday,7.9,0,9,10,0,2,0
3/15/2018,Athlete 9,Team 1,Friday,8,10,9,9,2,0,1
3/15/2018,Athlete 12,Team 2,Friday,9.5,8,6,8,6,2,4
3/15/2018,Athlete 15,Team 2,Friday,7,4,10,10,4,0,0
3/15/2018,Athlete 4,Team 1,Friday,11.2,8,5,8,8,8,8
3/15/2018,Athlete 7,Team 1,Friday,7.9,8,8,10,7,0,4
3/15/2018,Athlete 13,Team 2,Friday,5.9,6,6,6,5,5,5
3/15/2018,Athlete 6,Team 1,Friday,5,5,5,5,3,0,2
3/15/2018,Athlete 1,Team 1,Friday,7.2,6,5,3,4,2,7
3/15/2018,Athlete 8,Team 1,Friday,8.6,7,7,10,9,5,8
3/16/2018,Athlete 11,Team 2,Saturday,6.2,8,4,0,2,2,5
3/16/2018,Athlete 9,Team 1,Saturday,8,7,10,10,3,0,1
3/16/2018,Athlete 10,Team 1,Saturday,9.5,8,9,0,4,0,0
3/16/2018,Athlete 3,Team 1,Saturday,5.5,7,9,0,2,2,4
3/16/2018,Athlete 12,Team 2,Saturday,9,7,5,0,5,2,4
3/16/2018,Athlete 18,Team 2,Saturday,7.6,5,6,1,5,1,5
3/16/2018,Athlete 15,Team 2,Saturday,7.4,9,7,0,2,0,0
3/16/2018,Athlete 19,Team 2,Saturday,6.8,5,5,5,5,7,7
3/16/2018,Athlete 6,Team 1,Saturday,3.4,0,4,5,3,0,2
3/16/2018,Athlete 8,Team 1,Saturday,5.8,4,4,6,9,8,8
3/16/2018,Athlete 6,Team 1,Saturday,3.4,0,5,5,4,0,1
3/16/2018,Athlete 7,Team 1,Saturday,8,8,8,0,5,0,3
3/16/2018,Athlete 17,Team 2,Saturday,9.1,10,10,0,5,0,3
3/16/2018,Athlete 18,Team 2,Saturday,7.6,5,6,2,4,2,5
3/16/2018,Athlete 16,Team 2,Saturday,9,7,6,6,4,2,4
3/16/2018,Athlete 5,Team 1,Saturday,10,9,8,2,8,3,4
3/16/2018,Athlete 20,Team 2,Saturday,9.2,8,7,0,2,0,3
3/16/2018,Athlete 1,Team 1,Saturday,10.1,6,6,6,1,2,3
3/16/2018,Athlete 13,Team 2,Saturday,8.2,6,5,0,4,3,4
3/17/2018,Athlete 11,Team 2,Sunday,7.6,9,4,0,4,3,4
3/17/2018,Athlete 8,Team 1,Sunday,10.2,9,8,8,6,1,5
3/17/2018,Athlete 3,Team 1,Sunday,8,6,9,0,2,0,2
3/17/2018,Athlete 5,Team 1,Sunday,8,7,8,2,7,3,4
3/17/2018,Athlete 7,Team 1,Sunday,4,2,7,0,4,0,6
3/17/2018,Athlete 17,Team 2,Sunday,8.9,9,10,10,3,0,3
3/17/2018,Athlete 10,Team 1,Sunday,5.8,10,10,0,4,0,5
3/17/2018,Athlete 9,Team 1,Sunday,9,10,10,8,2,0,1
3/17/2018,Athlete 16,Team 2,Sunday,9,8,7,8,3,2,3
3/17/2018,Athlete 12,Team 2,Sunday,7,2,6,0,4,1,3
3/17/2018,Athlete 20,Team 2,Sunday,8.1,7,8,0,1,0,0
3/17/2018,Athlete 13,Team 2,Sunday,7.2,2,4,2,3,6,4
3/17/2018,Athlete 4,Team 1,Sunday,6.7,7,6,2,9,7,6
3/17/2018,Athlete 6,Team 1,Sunday,8.8,5,5,5,2,0,1
3/17/2018,Athlete 1,Team 1,Sunday,12.1,7,7,4,2,0,2
3/18/2018,Athlete 20,Team 2,Monday,7,7,7,9,0,1,1
3/18/2018,Athlete 11,Team 2,Monday,7.1,8,8,10,1,1,3
3/18/2018,Athlete 3,Team 1,Monday,8,9,7,8,1,0,3
3/18/2018,Athlete 9,Team 1,Monday,8,10,10,10,3,0,0
3/18/2018,Athlete 10,Team 1,Monday,7,8,8,7,0,0,3
3/18/2018,Athlete 15,Team 2,Monday,8,9,10,10,1,0,0
3/18/2018,Athlete 18,Team 2,Monday,7.5,5,6,6,2,1,3
3/18/2018,Athlete 19,Team 2,Monday,6.1,3,7,8,2,4,6
3/18/2018,Athlete 12,Team 2,Monday,8.6,7,5,8,2,1,3
3/18/2018,Athlete 4,Team 1,Monday,7.1,4,5,4,4,3,7
3/18/2018,Athlete 13,Team 2,Monday,6.1,5,4,2,2,5,6
3/18/2018,Athlete 5,Team 1,Monday,8.2,8,7,7,2,4,4
3/18/2018,Athlete 16,Team 2,Monday,8,6,7,8,2,4,2
3/18/2018,Athlete 1,Team 1,Monday,12,8,7,7,1,1,2
3/18/2018,Athlete 8,Team 1,Monday,9.7,6,5,10,5,10,6
3/18/2018,Athlete 6,Team 1,Monday,7,5,5,6,2,0,2
3/19/2018,Athlete 11,Team 2,Tuesday,8.5,8,9,10,3,2,3
3/19/2018,Athlete 12,Team 2,Tuesday,8,8,8,6,2,1,2
3/19/2018,Athlete 8,Team 1,Tuesday,6.7,5,2,10,7,2,6
3/19/2018,Athlete 9,Team 1,Tuesday,8,10,10,10,2,0,0
3/19/2018,Athlete 3,Team 1,Tuesday,8,8,8,7,2,0,2
3/19/2018,Athlete 16,Team 2,Tuesday,9,8,6,6,2,2,2
3/19/2018,Athlete 5,Team 1,Tuesday,9.1,9,9,6,3,2,4
3/19/2018,Athlete 18,Team 2,Tuesday,8.3,4,5,5,2,2,2
3/19/2018,Athlete 1,Team 1,Tuesday,7,3,5,4,0,1,6
3/19/2018,Athlete 13,Team 2,Tuesday,7.2,6,6,4,4,4,4
3/19/2018,Athlete 10,Team 1,Tuesday,9,10,10,7,2,0,0
3/19/2018,Athlete 15,Team 2,Tuesday,8,10,8,10,1,2,0
3/19/2018,Athlete 19,Team 2,Tuesday,8.6,7,6,4,9,5,6
3/19/2018,Athlete 20,Team 2,Tuesday,7.6,6,5,10,2,1,0
3/19/2018,Athlete 4,Team 1,Tuesday,7.9,8,7,9,9,6,6
3/19/2018,Athlete 17,Team 2,Tuesday,9.2,10,10,10,0,2,0
3/19/2018,Athlete 7,Team 1,Tuesday,7.9,8,8,10,4,0,3
3/19/2018,Athlete 6,Team 1,Tuesday,8.5,5,5,5,2,0,1
3/20/2018,Athlete 11,Team 2,Wednesday,8.3,8,8,6,2,2,3
3/20/2018,Athlete 4,Team 1,Wednesday,8,2,8,10,8,2,4
3/20/2018,Athlete 8,Team 1,Wednesday,8.6,6,7,4,10,1,9
3/20/2018,Athlete 6,Team 1,Wednesday,7,5,5,5,3,0,1
3/20/2018,Athlete 19,Team 2,Wednesday,6,5,3,5,8,6,7
3/20/2018,Athlete 13,Team 2,Wednesday,5.9,5,6,4,4,3,6
3/20/2018,Athlete 12,Team 2,Wednesday,6.5,2,3,0,1,1,5
3/20/2018,Athlete 9,Team 1,Wednesday,7,10,10,10,1,0,1
3/20/2018,Athlete 5,Team 1,Wednesday,8.9,9,8,3,6,3,5
3/20/2018,Athlete 16,Team 2,Wednesday,9.5,8,8,8,2,2,2
3/20/2018,Athlete 7,Team 1,Wednesday,8.5,8,8,0,6,0,0
3/20/2018,Athlete 3,Team 1,Wednesday,8,8,9,3,1,2,2
3/20/2018,Athlete 17,Team 2,Wednesday,8.5,7,10,8,8,2,6
3/20/2018,Athlete 1,Team 1,Wednesday,7.5,7,6,3,5,1,5
3/20/2018,Athlete 10,Team 1,Wednesday,10,10,10,0,1,0,1
3/20/2018,Athlete 18,Team 2,Wednesday,8.8,7,6,2,4,2,3
3/20/2018,Athlete 20,Team 2,Wednesday,8.2,6,7,0,1,1,0
3/21/2018,Athlete 10,Team 1,Thursday,10,7,10,8,0,0,1
3/21/2018,Athlete 6,Team 1,Thursday,6.5,5,5,5,3,0,1
3/21/2018,Athlete 11,Team 2,Thursday,8.5,9,9,10,3,1,4
3/21/2018,Athlete 7,Team 1,Thursday,7.5,8,8,10,3,0,3
3/21/2018,Athlete 13,Team 2,Thursday,7.5,5,6,4,2,3,4
3/21/2018,Athlete 4,Team 1,Thursday,11.8,9,8,9,4,3,2
3/21/2018,Athlete 3,Team 1,Thursday,7,6,8,8,3,1,1
3/21/2018,Athlete 20,Team 2,Thursday,5.3,1,2,6,0,1,0
3/21/2018,Athlete 9,Team 1,Thursday,8,10,10,10,1,0,0
3/21/2018,Athlete 5,Team 1,Thursday,9.7,8,7,6,3,3,2
3/21/2018,Athlete 17,Team 2,Thursday,9.2,7,10,9,7,1,5
3/21/2018,Athlete 8,Team 1,Thursday,9.1,7,7,8,10,4,8
3/21/2018,Athlete 18,Team 2,Thursday,8.2,6,5,4,3,2,4
3/21/2018,Athlete 15,Team 2,Thursday,8.5,10,10,10,1,0,0
3/21/2018,Athlete 1,Team 1,Thursday,7.5,6,6,6,2,2,5
3/21/2018,Athlete 12,Team 2,Thursday,7.5,5,7,7,4,2,3
3/21/2018,Athlete 16,Team 2,Thursday,9,8,7,7,2,2,2
3/21/2018,Athlete 19,Team 2,Thursday,7.9,6,3,5,9,7,7
3/22/2018,Athlete 11,Team 2,Friday,8.2,10,10,10,2,2,4
3/22/2018,Athlete 7,Team 1,Friday,7.3,7,8,10,6,0,3
3/22/2018,Athlete 16,Team 2,Friday,8,7,8,8,2,3,2
3/22/2018,Athlete 8,Team 1,Friday,6.9,3,6,7,10,2,7
3/22/2018,Athlete 4,Team 1,Friday,9.4,8,9,10,4,2,4
3/22/2018,Athlete 17,Team 2,Friday,6.3,7,10,8,8,0,8
3/22/2018,Athlete 13,Team 2,Friday,5.2,4,5,4,5,5,6
3/22/2018,Athlete 15,Team 2,Friday,7.1,9,9,7,4,0,2
3/22/2018,Athlete 12,Team 2,Friday,7,7,6,7,4,1,6
3/22/2018,Athlete 3,Team 1,Friday,6.5,7,6,2,4,8,7
3/22/2018,Athlete 10,Team 1,Friday,6.5,7,8,8,4,0,3
3/22/2018,Athlete 9,Team 1,Friday,7,9,8,10,1,0,1
3/22/2018,Athlete 1,Team 1,Friday,7.7,7,6,5,4,1,5
3/22/2018,Athlete 19,Team 2,Friday,9,6,6,7,7,7,5
3/22/2018,Athlete 20,Team 2,Friday,7.1,5,4,2,1,5,0
3/23/2018,Athlete 11,Team 2,Saturday,7,7,9,1,2,2,3
3/23/2018,Athlete 10,Team 1,Saturday,4.9,5,6,0,2,0,7
3/23/2018,Athlete 3,Team 1,Saturday,3,5,7,0,3,2,7
3/23/2018,Athlete 20,Team 2,Saturday,5,6,5,0,0,5,0
3/23/2018,Athlete 6,Team 1,Saturday,3,5,5,6,3,0,2
3/23/2018,Athlete 17,Team 2,Saturday,4.3,3,10,0,7,8,7
3/23/2018,Athlete 19,Team 2,Saturday,8.9,9,6,4,5,4,6
3/23/2018,Athlete 9,Team 1,Saturday,1.5,4,10,7,1,0,1
3/23/2018,Athlete 7,Team 1,Saturday,7.3,8,5,0,5,0,5
3/23/2018,Athlete 8,Team 1,Saturday,6.8,3,4,1,10,4,8
3/23/2018,Athlete 12,Team 2,Saturday,7.5,6,7,0,6,2,4
3/23/2018,Athlete 4,Team 1,Saturday,6.4,6,7,2,8,7,7
3/23/2018,Athlete 1,Team 1,Saturday,10,7,6,5,2,1,2
3/23/2018,Athlete 18,Team 2,Saturday,2.5,0,5,1,3,3,8
3/23/2018,Athlete 16,Team 2,Saturday,10,8,8,8,2,2,3
3/24/2018,Athlete 17,Team 2,Sunday,6.4,3,9,6,5,3,5
3/24/2018,Athlete 3,Team 1,Sunday,0,0,2,0,2,2,10
3/24/2018,Athlete 18,Team 2,Sunday,6.2,2,3,1,5,3,8
3/24/2018,Athlete 11,Team 2,Sunday,4.8,3,8,0,2,2,4
3/24/2018,Athlete 9,Team 1,Sunday,3,4,9,5,1,0,1
3/24/2018,Athlete 12,Team 2,Sunday,7,7,7,0,4,1,3
3/24/2018,Athlete 8,Team 1,Sunday,9.1,6,6,4,9,3,5
3/24/2018,Athlete 20,Team 2,Sunday,6.3,3,3,0,0,5,2
3/24/2018,Athlete 13,Team 2,Sunday,7.8,5,6,3,3,3,5
3/24/2018,Athlete 16,Team 2,Sunday,10,8,8,8,2,2,2
3/24/2018,Athlete 6,Team 1,Sunday,3,1,5,5,4,0,4
3/24/2018,Athlete 1,Team 1,Sunday,11.4,8,7,8,2,1,2
3/24/2018,Athlete 7,Team 1,Sunday,5.9,4,5,0,0,0,5
3/24/2018,Athlete 15,Team 2,Sunday,7,10,10,0,2,0,0
3/24/2018,Athlete 3,Team 1,Sunday,10,9,8,4,1,1,2
3/25/2018,Athlete 11,Team 2,Monday,10.5,10,9,10,2,1,3
3/25/2018,Athlete 17,Team 2,Monday,9,8,9,10,3,3,4
3/25/2018,Athlete 18,Team 2,Monday,11.4,9,6,3,5,2,2
3/25/2018,Athlete 20,Team 2,Monday,8.1,6,6,8,1,0,0
3/25/2018,Athlete 10,Team 1,Monday,9.4,7,5,8,0,2,1
3/25/2018,Athlete 6,Team 1,Monday,8.5,6,4,5,4,0,2
3/25/2018,Athlete 4,Team 1,Monday,9.5,7,5,5,6,9,9
3/25/2018,Athlete 7,Team 1,Monday,8.5,8,8,10,0,0,0
3/25/2018,Athlete 16,Team 2,Monday,8,8,7,7,2,2,2
3/25/2018,Athlete 12,Team 2,Monday,7,6,6,10,3,1,2
3/25/2018,Athlete 8,Team 1,Monday,7.3,2,6,7,5,3,8
3/25/2018,Athlete 13,Team 2,Monday,6.1,6,5,4,2,3,6
3/25/2018,Athlete 19,Team 2,Monday,5.4,3,3,5,4,8,8
3/25/2018,Athlete 1,Team 1,Monday,7,4,5,6,0,2,3
3/25/2018,Athlete 9,Team 1,Monday,7.5,7,8,10,1,0,1
3/25/2018,Athlete 15,Team 2,Monday,8,7,8,8,1,0,0
3/25/2018,Athlete 5,Team 1,Monday,12.5,9,8,7,4,2,5
3/25/2018,Athlete 19,Team 2,Monday,8.1,8,10,10,2,0,0
3/25/2018,Athlete 3,Team 1,Monday,4,4,5,4,1,4,5
3/25/2018,Athlete 10,Team 1,Monday,9.5,8,8,7,0,1,0
3/25/2018,Athlete 9,Team 1,Monday,9.5,9,10,10,4,0,1
3/25/2018,Athlete 20,Team 2,Monday,7.3,3,2,6,2,3,2
3/26/2018,Athlete 11,Team 2,Tuesday,9.4,9,9,10,2,2,3
3/26/2018,Athlete 5,Team 1,Tuesday,10.9,8,6,7,1,3,3
3/26/2018,Athlete 17,Team 2,Tuesday,7.1,8,10,10,3,1,3
3/26/2018,Athlete 6,Team 1,Tuesday,7,5,5,5,3,0,1
3/26/2018,Athlete 4,Team 1,Tuesday,9.4,8,8,9,3,2,2
3/26/2018,Athlete 18,Team 2,Tuesday,9.5,7,6,3,3,1,4
3/26/2018,Athlete 7,Team 1,Tuesday,8,8,7,10,4,0,4
3/26/2018,Athlete 12,Team 2,Tuesday,7,7,7,10,6,2,6
3/26/2018,Athlete 16,Team 2,Tuesday,8,7,8,8,3,2,2
3/26/2018,Athlete 8,Team 1,Tuesday,7.1,7,7,8,8,3,9
3/26/2018,Athlete 13,Team 2,Tuesday,7.1,5,5,5,2,3,6
3/26/2018,Athlete 1,Team 1,Tuesday,6.7,7,3,6,3,3,7
3/26/2018,Athlete 15,Team 2,Tuesday,6.8,3,8,0,1,2,0
3/26/2018,Athlete 19,Team 2,Tuesday,10.1,10,9,6,0,7,4
3/26/2018,Athlete 17,Team 2,Tuesday,6.7,8,10,8,4,0,4
3/27/2018,Athlete 10,Team 1,Wednesday,10,6,7,0,0,0,2
3/27/2018,Athlete 4,Team 1,Wednesday,6.8,3,3,2,2,4,3
3/27/2018,Athlete 11,Team 2,Wednesday,10.3,10,9,4,3,1,3
3/27/2018,Athlete 20,Team 2,Wednesday,8.1,2,5,0,2,5,1
3/27/2018,Athlete 3,Team 1,Wednesday,7.5,7,8,2,1,0,3
3/27/2018,Athlete 9,Team 1,Wednesday,9,8,10,8,1,0,0
3/27/2018,Athlete 8,Team 1,Wednesday,7.2,5,7,6,4,6,6
3/27/2018,Athlete 5,Team 1,Wednesday,8.1,6,9,2,2,2,5
3/27/2018,Athlete 15,Team 2,Wednesday,9.5,10,10,0,0,0,0
3/27/2018,Athlete 7,Team 1,Wednesday,9.1,8,8,0,7,0,0
3/27/2018,Athlete 12,Team 2,Wednesday,7,7,8,0,4,1,4
3/27/2018,Athlete 13,Team 2,Wednesday,7.2,5,6,3,5,2,4
3/27/2018,Athlete 19,Team 2,Wednesday,10,7,10,1,7,0,0
3/27/2018,Athlete 18,Team 2,Wednesday,7.8,5,6,2,3,2,4
3/27/2018,Athlete 16,Team 2,Wednesday,9.5,8,9,7,4,2,3
3/27/2018,Athlete 1,Team 1,Wednesday,7.7,8,7,5,2,1,3
3/28/2018,Athlete 20,Team 2,Thursday,7,6,4,2,1,2,2
3/28/2018,Athlete 11,Team 2,Thursday,9.1,9,9,10,2,2,3
3/28/2018,Athlete 17,Team 2,Thursday,7.7,10,9,9,3,0,3
3/28/2018,Athlete 9,Team 1,Thursday,9.5,10,10,10,1,0,1
3/28/2018,Athlete 10,Team 1,Thursday,8.9,10,9,8,0,0,0
3/28/2018,Athlete 4,Team 1,Thursday,9.1,8,9,8,2,2,0
3/28/2018,Athlete 3,Team 1,Thursday,7.5,9,8,7,0,0,2
3/28/2018,Athlete 5,Team 1,Thursday,9.3,9,8,7,2,3,2
3/28/2018,Athlete 6,Team 1,Thursday,7.9,5,5,6,2,0,1
3/28/2018,Athlete 18,Team 2,Thursday,9.1,6,7,4,3,2,5
3/28/2018,Athlete 7,Team 1,Thursday,8.1,8,9,10,2,0,2
3/28/2018,Athlete 16,Team 2,Thursday,9,8,8,8,2,2,3
3/28/2018,Athlete 15,Team 2,Thursday,7.9,8,10,10,0,0,0
3/28/2018,Athlete 8,Team 1,Thursday,9,6,6,9,3,3,3
3/28/2018,Athlete 1,Team 1,Thursday,7,6,6,6,1,1,4
3/28/2018,Athlete 19,Team 2,Thursday,6,3,5,5,0,5,1
3/28/2018,Athlete 13,Team 2,Thursday,7,6,5,5,3,3,4
3/28/2018,Athlete 12,Team 2,Thursday,7.5,5,7,0,5,2,3
3/28/2018,Athlete 19,Team 2,Thursday,8.1,9,6,6,5,5,8
3/29/2018,Athlete 11,Team 2,Friday,9.3,9,10,10,1,1,3
3/29/2018,Athlete 10,Team 1,Friday,7.4,7,7,10,1,0,4
3/29/2018,Athlete 17,Team 2,Friday,8.1,7,9,10,2,2,2
3/29/2018,Athlete 3,Team 1,Friday,7,7,8,10,0,4,1
3/29/2018,Athlete 9,Team 1,Friday,8.5,10,10,10,1,0,1
3/29/2018,Athlete 4,Team 1,Friday,6.4,2,8,10,7,1,9
3/29/2018,Athlete 6,Team 1,Friday,7.4,5,5,5,2,0,1
3/29/2018,Athlete 5,Team 1,Friday,9.2,8,9,9,1,6,1
3/29/2018,Athlete 20,Team 2,Friday,7.1,7,6,7,0,2,2
3/29/2018,Athlete 8,Team 1,Friday,9.1,6,7,8,2,2,2
3/29/2018,Athlete 16,Team 2,Friday,8.5,8,8,8,3,2,3
3/29/2018,Athlete 12,Team 2,Friday,8,7,8,0,4,1,3
3/29/2018,Athlete 1,Team 1,Friday,8,7,6,5,2,1,5
3/29/2018,Athlete 13,Team 2,Friday,6,5,5,4,4,3,4
3/29/2018,Athlete 19,Team 2,Friday,7.9,7,10,10,0,0,5
3/29/2018,Athlete 18,Team 2,Friday,8.4,5,8,8,2,4,3
3/29/2018,Athlete 19,Team 2,Friday,6.8,7,9,8,5,7,7
3/30/2018,Athlete 11,Team 2,Saturday,7.4,8,9,10,3,3,3
3/30/2018,Athlete 10,Team 1,Saturday,8.6,7,6,10,5,2,4
3/30/2018,Athlete 3,Team 1,Saturday,4,5,7,9,3,5,3
3/30/2018,Athlete 17,Team 2,Saturday,6,4,9,10,5,3,5
3/30/2018,Athlete 6,Team 1,Saturday,6.5,4,5,6,2,0,2
3/30/2018,Athlete 5,Team 1,Saturday,8.7,4,5,10,9,10,5
3/30/2018,Athlete 18,Team 2,Saturday,6.5,4,6,7,4,4,5
3/30/2018,Athlete 9,Team 1,Saturday,8,10,10,10,4,0,1
3/30/2018,Athlete 20,Team 2,Saturday,4.9,2,3,5,2,3,2
3/30/2018,Athlete 12,Team 2,Saturday,7,7,9,0,1,1,1
3/30/2018,Athlete 13,Team 2,Saturday,6.8,5,5,4,3,4,4
3/30/2018,Athlete 19,Team 2,Saturday,6.7,10,10,3,6,0,6
3/30/2018,Athlete 7,Team 1,Saturday,7,9,9,0,5,0,4
3/30/2018,Athlete 8,Team 1,Saturday,8.9,9,6,8,2,2,3
3/30/2018,Athlete 16,Team 2,Saturday,9,7,8,8,3,2,3
3/30/2018,Athlete 1,Team 1,Saturday,6.6,7,7,8,1,1,5
3/31/2018,Athlete 11,Team 2,Sunday,9.3,9,8,10,5,3,5
3/31/2018,Athlete 17,Team 2,Sunday,6.9,8,9,10,6,2,6
3/31/2018,Athlete 4,Team 1,Sunday,9.2,8,7,9,6,2,8
3/31/2018,Athlete 3,Team 1,Sunday,8,9,8,9,4,3,3
3/31/2018,Athlete 18,Team 2,Sunday,9.1,6,5,7,6,4,6
3/31/2018,Athlete 6,Team 1,Sunday,8,5,5,6,2,0,1
3/31/2018,Athlete 20,Team 2,Sunday,9,7,7,5,1,2,1
3/31/2018,Athlete 9,Team 1,Sunday,8,6,10,10,1,0,0
3/31/2018,Athlete 5,Team 1,Sunday,9.2,9,9,9,7,4,4
3/31/2018,Athlete 10,Team 1,Sunday,10.4,6,8,10,5,2,2
3/31/2018,Athlete 12,Team 2,Sunday,7.5,6,8,0,1,0,1
3/31/2018,Athlete 19,Team 2,Sunday,4.2,10,10,8,1,1,4
3/31/2018,Athlete 15,Team 2,Sunday,10,10,10,0,1,0,0
3/31/2018,Athlete 7,Team 1,Sunday,7,8,8,0,4,0,3
3/31/2018,Athlete 1,Team 1,Sunday,12,9,7,3,7,1,3
3/31/2018,Athlete 13,Team 2,Sunday,8.7,5,5,4,2,3,5
4/1/2018,Athlete 11,Team 2,Monday,5,8,10,0,6,2,6
4/1/2018,Athlete 17,Team 2,Monday,4.3,6,10,0,10,0,8
4/1/2018,Athlete 1,Team 1,Monday,9,2,4,3,5,1,6
4/1/2018,Athlete 12,Team 2,Monday,8.5,5,5,0,2,1,4
4/1/2018,Athlete 10,Team 1,Monday,13,10,10,0,4,0,3
4/1/2018,Athlete 15,Team 2,Monday,8.5,10,10,0,2,0,0
4/1/2018,Athlete 13,Team 2,Monday,6.8,6,6,4,2,3,4
4/1/2018,Athlete 19,Team 2,Monday,9.3,10,10,10,5,1,8
4/1/2018,Athlete 16,Team 2,Monday,9,8,8,8,2,2,2
4/1/2018,Athlete 7,Team 1,Monday,8,8,9,0,1,0,0
4/1/2018,Athlete 6,Team 1,Monday,4,4,5,5,1,0,1
4/1/2018,Athlete 9,Team 1,Monday,3,6,10,0,0,0,0
4/1/2018,Athlete 3,Team 1,Monday,3,5,6,2,9,1,8
4/1/2018,Athlete 19,Team 2,Monday,5.4,8,7,8,6,5,10
4/1/2018,Athlete 18,Team 2,Monday,3.5,2,3,0,3,3,9
4/1/2018,Athlete 20,Team 2,Monday,3,4,5,0,1,0,2
4/2/2018,Athlete 9,Team 1,Tuesday,10.5,10,10,8,0,0,1
4/2/2018,Athlete 3,Team 1,Tuesday,7,9,8,0,8,0,6
4/2/2018,Athlete 1,Team 1,Tuesday,7,6,4,5,4,4,5
4/2/2018,Athlete 11,Team 2,Tuesday,11.3,10,8,0,5,2,4
4/2/2018,Athlete 17,Team 2,Tuesday,7.6,10,10,0,5,0,6
4/2/2018,Athlete 19,Team 2,Tuesday,8.4,10,10,7,1,0,1
4/2/2018,Athlete 19,Team 2,Tuesday,9.8,10,9,9,8,6,5
4/2/2018,Athlete 5,Team 1,Tuesday,13.7,8,9,1,3,1,5
4/2/2018,Athlete 4,Team 1,Tuesday,9.3,8,8,1,7,6,8
4/2/2018,Athlete 15,Team 2,Tuesday,8.6,8,10,0,1,0,0
4/2/2018,Athlete 20,Team 2,Tuesday,11.3,6,3,0,1,3,0
4/2/2018,Athlete 13,Team 2,Tuesday,6.5,6,6,5,3,3,3
4/2/2018,Athlete 18,Team 2,Tuesday,12.6,8,7,1,3,1,3
4/2/2018,Athlete 12,Team 2,Tuesday,7.7,6,7,10,1,1,4
4/2/2018,Athlete 16,Team 2,Tuesday,8.5,8,8,8,2,2,2
4/2/2018,Athlete 6,Team 1,Tuesday,6.5,7,5,4,1,0,3
4/3/2018,Athlete 11,Team 2,Wednesday,7.9,6,9,6,4,2,4
4/3/2018,Athlete 17,Team 2,Wednesday,10.1,10,10,3,2,0,3
4/3/2018,Athlete 18,Team 2,Wednesday,7.2,5,5,1,2,2,6
4/3/2018,Athlete 10,Team 1,Wednesday,6,7,7,0,0,0,3
4/3/2018,Athlete 20,Team 2,Wednesday,8.9,6,5,0,0,1,1
4/3/2018,Athlete 5,Team 1,Wednesday,7.5,9,9,1,1,1,2
4/3/2018,Athlete 9,Team 1,Wednesday,10.5,10,10,8,2,0,0
4/3/2018,Athlete 19,Team 2,Wednesday,7.2,9,7,5,5,10,3
4/3/2018,Athlete 3,Team 1,Wednesday,4,4,6,1,3,1,7
4/3/2018,Athlete 8,Team 1,Wednesday,8.9,6,6,8,7,2,6
4/3/2018,Athlete 6,Team 1,Wednesday,7.6,6,5,5,1,0,1
4/3/2018,Athlete 1,Team 1,Wednesday,8.2,7,6,5,2,1,4
4/3/2018,Athlete 19,Team 2,Wednesday,9.9,9,10,10,2,1,2
4/3/2018,Athlete 15,Team 2,Wednesday,8,9,10,0,0,0,0
4/3/2018,Athlete 16,Team 2,Wednesday,7,7,8,8,3,2,4
4/3/2018,Athlete 7,Team 1,Wednesday,6,5,6,0,0,0,3
4/3/2018,Athlete 13,Team 2,Wednesday,7,6,6,4,4,2,4
4/3/2018,Athlete 4,Team 1,Wednesday,10.9,9,7,2,4,6,5
4/4/2018,Athlete 11,Team 2,Thursday,8.4,8,8,8,4,2,4
4/4/2018,Athlete 4,Team 1,Thursday,10.2,8,9,2,3,3,2
4/4/2018,Athlete 19,Team 2,Thursday,9.3,10,7,9,5,6,2
4/4/2018,Athlete 9,Team 1,Thursday,8,10,10,10,0,0,0
4/4/2018,Athlete 20,Team 2,Thursday,7.1,7,7,6,0,1,0
4/4/2018,Athlete 16,Team 2,Thursday,8,8,8,7,2,2,4
4/4/2018,Athlete 6,Team 1,Thursday,6.5,6,5,4,2,0,1
4/4/2018,Athlete 15,Team 2,Thursday,9,10,9,8,0,0,0
4/4/2018,Athlete 10,Team 1,Thursday,8,8,8,0,3,0,0
4/4/2018,Athlete 19,Team 2,Thursday,9.8,10,9,9,1,1,1
4/4/2018,Athlete 8,Team 1,Thursday,8.9,8,8,9,7,3,3
4/4/2018,Athlete 3,Team 1,Thursday,7,9,9,2,2,0,2
4/4/2018,Athlete 12,Team 2,Thursday,9,7,8,10,4,1,3
4/4/2018,Athlete 18,Team 2,Thursday,4.5,2,4,2,2,4,7
4/4/2018,Athlete 1,Team 1,Thursday,7.5,8,5,6,1,3,5
4/4/2018,Athlete 17,Team 2,Thursday,8.7,10,10,10,1,1,0
4/4/2018,Athlete 13,Team 2,Thursday,7,6,6,5,5,3,5
4/4/2018,Athlete 7,Team 1,Thursday,6,7,8,10,0,0,3
4/5/2018,Athlete 10,Team 1,Friday,7,8,10,0,6,0,3
4/5/2018,Athlete 17,Team 2,Friday,6.5,7,9,10,2,1,2
4/5/2018,Athlete 19,Team 2,Friday,7.2,9,6,7,8,7,7
4/5/2018,Athlete 11,Team 2,Friday,7.2,9,9,10,3,3,4
4/5/2018,Athlete 9,Team 1,Friday,5,5,7,7,1,2,0
4/5/2018,Athlete 7,Team 1,Friday,8,8,9,10,6,0,6
4/5/2018,Athlete 8,Team 1,Friday,8.4,7,8,8,6,3,6
4/5/2018,Athlete 4,Team 1,Friday,8.1,9,9,10,3,1,1
4/5/2018,Athlete 13,Team 2,Friday,6.8,6,6,5,3,3,3
4/5/2018,Athlete 12,Team 2,Friday,8.1,7,6,10,4,1,3
4/5/2018,Athlete 19,Team 2,Friday,6.5,9,10,7,1,3,3
4/5/2018,Athlete 16,Team 2,Friday,9,8,8,7,2,2,4
4/5/2018,Athlete 18,Team 2,Friday,9.3,6,6,3,3,1,3
4/5/2018,Athlete 5,Team 1,Friday,9,8,9,5,2,0,1
4/5/2018,Athlete 3,Team 1,Friday,8.5,9,9,1,1,1,2
4/5/2018,Athlete 1,Team 1,Friday,7.5,7,6,4,2,1,5
4/5/2018,Athlete 20,Team 2,Friday,9.1,6,2,0,1,5,0
4/5/2018,Athlete 6,Team 1,Friday,6.5,6,5,5,3,0,2
4/6/2018,Athlete 17,Team 2,Saturday,7,9,9,9,4,1,2
4/6/2018,Athlete 6,Team 1,Saturday,4.5,4,5,3,3,0,1
4/6/2018,Athlete 11,Team 2,Saturday,8,8,8,3,5,2,4
4/6/2018,Athlete 4,Team 1,Saturday,10.1,8,9,2,6,7,7
4/6/2018,Athlete 7,Team 1,Saturday,7.5,8,8,10,4,0,3
4/6/2018,Athlete 5,Team 1,Saturday,8.4,9,9,6,5,1,3
4/6/2018,Athlete 10,Team 1,Saturday,6,7,8,0,2,0,3
4/6/2018,Athlete 16,Team 2,Saturday,8.5,8,8,8,2,3,3
4/6/2018,Athlete 15,Team 2,Saturday,8,9,10,10,2,0,0
4/6/2018,Athlete 3,Team 1,Saturday,8.4,9,9,7,0,1,1
4/6/2018,Athlete 8,Team 1,Saturday,7.9,4,7,10,6,6,5
4/6/2018,Athlete 18,Team 2,Saturday,8.4,6,6,2,4,2,3
4/6/2018,Athlete 19,Team 2,Saturday,8,9,9,6,9,8,8
4/6/2018,Athlete 9,Team 1,Saturday,7.5,10,10,10,0,0,0
4/6/2018,Athlete 1,Team 1,Saturday,8.1,4,5,5,1,3,6
4/6/2018,Athlete 19,Team 2,Saturday,5.7,9,10,10,6,2,2
4/6/2018,Athlete 20,Team 2,Saturday,7,4,5,0,1,3,0
4/6/2018,Athlete 13,Team 2,Saturday,5.8,5,6,5,3,4,3
4/7/2018,Athlete 10,Team 1,Sunday,6.5,7,8,0,0,0,3
4/7/2018,Athlete 7,Team 1,Sunday,8,9,8,10,5,0,3
4/7/2018,Athlete 17,Team 2,Sunday,7.1,8,8,5,2,2,2
4/7/2018,Athlete 8,Team 1,Sunday,9.1,4,7,7,10,5,8
4/7/2018,Athlete 3,Team 1,Sunday,8,8,8,5,1,1,1
4/7/2018,Athlete 6,Team 1,Sunday,5.5,4,5,3,3,0,1
4/7/2018,Athlete 11,Team 2,Sunday,9,8,8,5,3,3,5
4/7/2018,Athlete 18,Team 2,Sunday,8.3,6,6,1,4,2,6
4/7/2018,Athlete 16,Team 2,Sunday,8,5,9,8,3,2,4
4/7/2018,Athlete 4,Team 1,Sunday,11.3,8,8,2,2,1,2
4/7/2018,Athlete 5,Team 1,Sunday,8.8,9,9,0,0,0,2
4/8/2018,Athlete 11,Team 2,Monday,7.5,8,8,8,4,3,4
4/8/2018,Athlete 17,Team 2,Monday,7.2,9,8,4,2,4,4
4/8/2018,Athlete 10,Team 1,Monday,10.7,8,7,7,0,0,2
4/8/2018,Athlete 6,Team 1,Monday,7.5,5,5,5,1,0,1
4/8/2018,Athlete 19,Team 2,Monday,8.1,9,5,5,7,7,9
4/8/2018,Athlete 4,Team 1,Monday,7.7,6,7,8,2,3,2
4/8/2018,Athlete 18,Team 2,Monday,8.8,6,7,5,2,1,2
4/8/2018,Athlete 9,Team 1,Monday,4,3,8,10,0,0,0
4/8/2018,Athlete 5,Team 1,Monday,6.2,3,4,2,0,2,5
4/8/2018,Athlete 3,Team 1,Monday,6,6,6,3,2,3,4
4/8/2018,Athlete 20,Team 2,Monday,8,7,6,6,3,2,4
4/8/2018,Athlete 16,Team 2,Monday,10,8,8,6,5,2,5
4/8/2018,Athlete 19,Team 2,Monday,5.8,5,10,2,7,2,8
4/8/2018,Athlete 13,Team 2,Monday,8,5,6,4,4,3,5
4/8/2018,Athlete 1,Team 1,Monday,8,7,6,2,6,2,7
4/8/2018,Athlete 12,Team 2,Monday,7.5,6,7,0,8,0,7
4/8/2018,Athlete 7,Team 1,Monday,7,5,5,0,8,0,3
4/8/2018,Athlete 8,Team 1,Monday,6.3,3,8,7,7,3,6
4/9/2018,Athlete 11,Team 2,Tuesday,8.4,10,8,8,3,2,5
4/9/2018,Athlete 20,Team 2,Tuesday,7.5,5,6,6,1,3,2
4/9/2018,Athlete 17,Team 2,Tuesday,7.5,9,10,0,4,2,2
4/9/2018,Athlete 10,Team 1,Tuesday,8,10,8,8,4,0,0
4/9/2018,Athlete 19,Team 2,Tuesday,10.2,10,5,9,9,8,9
4/9/2018,Athlete 6,Team 1,Tuesday,6.5,5,5,5,3,0,1
4/9/2018,Athlete 3,Team 1,Tuesday,7.8,9,7,7,2,3,3
4/9/2018,Athlete 18,Team 2,Tuesday,9,6,6,5,3,2,4
4/9/2018,Athlete 8,Team 1,Tuesday,8.2,6,7,6,7,4,7
4/9/2018,Athlete 5,Team 1,Tuesday,8.6,2,2,1,2,8,9
4/9/2018,Athlete 1,Team 1,Tuesday,7.7,6,6,5,1,1,5
4/9/2018,Athlete 4,Team 1,Tuesday,10,8,5,2,5,4,8
4/9/2018,Athlete 15,Team 2,Tuesday,8,9,10,0,3,0,0
4/9/2018,Athlete 12,Team 2,Tuesday,10,8,5,0,7,5,5
4/9/2018,Athlete 13,Team 2,Tuesday,6.8,5,4,3,2,6,4
4/9/2018,Athlete 16,Team 2,Tuesday,8.5,8,8,8,3,1,3
4/9/2018,Athlete 9,Team 1,Tuesday,10.5,10,10,10,4,0,0
4/9/2018,Athlete 19,Team 2,Tuesday,11.2,7,6,3,6,3,6
4/10/2018,Athlete 8,Team 1,Wednesday,7.5,6,7,8,7,3,3
4/10/2018,Athlete 9,Team 1,Wednesday,9,10,10,9,5,0,1
4/10/2018,Athlete 18,Team 2,Wednesday,8.3,6,6,3,5,2,5
4/10/2018,Athlete 16,Team 2,Wednesday,9,7,8,8,3,1,3
4/10/2018,Athlete 11,Team 2,Wednesday,10.5,10,9,9,3,2,3
4/10/2018,Athlete 13,Team 2,Wednesday,6.1,5,5,4,1,3,4
4/10/2018,Athlete 19,Team 2,Wednesday,6.6,9,6,5,10,7,7
4/10/2018,Athlete 15,Team 2,Wednesday,8,3,8,0,2,0,0
4/10/2018,Athlete 7,Team 1,Wednesday,8,8,8,0,6,0,2
4/10/2018,Athlete 3,Team 1,Wednesday,8,9,8,5,5,1,3
4/10/2018,Athlete 4,Team 1,Wednesday,11.2,9,8,8,2,8,2
4/10/2018,Athlete 6,Team 1,Wednesday,7,5,5,6,3,0,0
4/10/2018,Athlete 1,Team 1,Wednesday,8,7,7,6,1,1,4
4/10/2018,Athlete 17,Team 2,Wednesday,7.8,9,10,0,4,3,1
4/10/2018,Athlete 10,Team 1,Wednesday,9.5,9,9,0,4,0,0
4/10/2018,Athlete 19,Team 2,Wednesday,9.5,9,8,5,5,3,2
4/10/2018,Athlete 12,Team 2,Wednesday,8.2,7,5,0,6,5,5
4/10/2018,Athlete 20,Team 2,Wednesday,8.8,7,6,6,2,3,0
4/11/2018,Athlete 11,Team 2,Thursday,8.4,6,8,7,4,2,4
4/11/2018,Athlete 6,Team 1,Thursday,7,5,5,6,6,0,2
4/11/2018,Athlete 16,Team 2,Thursday,9,8,9,8,2,2,3
4/11/2018,Athlete 20,Team 2,Thursday,4.8,5,4,7,6,2,1
4/11/2018,Athlete 4,Team 1,Thursday,10.5,8,9,9,2,2,2
4/11/2018,Athlete 5,Team 1,Thursday,8.6,9,7,8,0,7,2
4/11/2018,Athlete 19,Team 2,Thursday,5.3,4,3,7,7,5,9
4/11/2018,Athlete 1,Team 1,Thursday,7.2,6,6,6,2,2,3
4/11/2018,Athlete 10,Team 1,Thursday,7,6,7,4,0,3,1
4/11/2018,Athlete 13,Team 2,Thursday,6.1,6,5,4,2,4,3
4/11/2018,Athlete 3,Team 1,Thursday,7,9,7,6,4,1,4
4/11/2018,Athlete 19,Team 2,Thursday,9.5,6,7,5,7,2,4
4/11/2018,Athlete 9,Team 1,Thursday,8,10,10,10,2,0,1
4/11/2018,Athlete 17,Team 2,Thursday,7.2,8,9,8,6,2,3
4/11/2018,Athlete 18,Team 2,Thursday,8.2,5,5,4,7,2,6
4/11/2018,Athlete 15,Team 2,Thursday,6.2,0,3,3,0,3,0
4/11/2018,Athlete 8,Team 1,Thursday,8,7,5,4,6,3,6
4/12/2018,Athlete 11,Team 2,Friday,8.3,8,9,10,4,2,3
4/12/2018,Athlete 17,Team 2,Friday,7,8,10,9,6,1,6
4/12/2018,Athlete 13,Team 2,Friday,6.5,6,5,4,5,3,4
4/12/2018,Athlete 9,Team 1,Friday,9,10,10,10,4,0,1
4/12/2018,Athlete 4,Team 1,Friday,11.4,8,9,9,3,5,6
4/12/2018,Athlete 16,Team 2,Friday,9,8,8,7,3,2,4
4/12/2018,Athlete 20,Team 2,Friday,8.2,7,6,7,5,3,4
4/12/2018,Athlete 3,Team 1,Friday,6.8,7,7,7,3,3,4
4/12/2018,Athlete 6,Team 1,Friday,7,5,5,6,3,0,1
4/12/2018,Athlete 19,Team 2,Friday,6.7,4,5,4,4,2,4
4/12/2018,Athlete 19,Team 2,Friday,6.5,7,7,8,6,5,8
4/12/2018,Athlete 10,Team 1,Friday,6.5,10,9,9,2,0,0
4/12/2018,Athlete 18,Team 2,Friday,9,6,6,5,4,3,5
4/12/2018,Athlete 5,Team 1,Friday,8.2,9,8,7,3,3,2
4/12/2018,Athlete 8,Team 1,Friday,7.9,4,5,3,7,2,7
4/12/2018,Athlete 7,Team 1,Friday,7,5,5,10,4,0,2
4/12/2018,Athlete 15,Team 2,Friday,9,10,10,0,1,0,0
4/12/2018,Athlete 12,Team 2,Friday,9.1,6,8,0,4,2,3
4/12/2018,Athlete 1,Team 1,Friday,7.5,6,5,4,1,2,5
4/13/2018,Athlete 9,Team 1,Saturday,11,10,10,10,2,0,1
4/13/2018,Athlete 17,Team 2,Saturday,7,8,10,3,7,0,5
4/13/2018,Athlete 10,Team 1,Saturday,7,9,9,0,2,0,3
4/13/2018,Athlete 8,Team 1,Saturday,9.3,5,8,8,5,3,6
4/13/2018,Athlete 11,Team 2,Saturday,10.1,8,8,1,4,2,5
4/13/2018,Athlete 12,Team 2,Saturday,7.2,4,7,10,4,1,3
4/13/2018,Athlete 19,Team 2,Saturday,7.6,10,6,7,9,6,7
4/13/2018,Athlete 15,Team 2,Saturday,6.8,5,8,10,0,0,0
4/13/2018,Athlete 18,Team 2,Saturday,8.8,6,6,1,5,2,6
4/13/2018,Athlete 4,Team 1,Saturday,7.7,4,8,2,7,3,5
4/13/2018,Athlete 3,Team 1,Saturday,8.7,9,8,5,3,1,2
4/13/2018,Athlete 16,Team 2,Saturday,10,8,8,8,2,1,3
4/13/2018,Athlete 20,Team 2,Saturday,6.9,6,5,3,4,2,3
4/13/2018,Athlete 5,Team 1,Saturday,9.1,9,9,2,4,2,1
4/13/2018,Athlete 6,Team 1,Saturday,6.7,5,5,5,3,0,1
4/13/2018,Athlete 19,Team 2,Saturday,12,10,9,10,1,1,1
4/13/2018,Athlete 1,Team 1,Saturday,8,6,5,6,1,6,5
4/14/2018,Athlete 7,Team 1,Sunday,6,5,5,0,0,0,0
4/14/2018,Athlete 19,Team 2,Sunday,7.7,9,7,5,6,7,8
4/14/2018,Athlete 16,Team 2,Sunday,8,7,9,8,3,2,3
4/14/2018,Athlete 12,Team 2,Sunday,8.6,6,8,0,5,2,3
4/14/2018,Athlete 11,Team 2,Sunday,8.1,8,8,4,3,4,4
4/14/2018,Athlete 13,Team 2,Sunday,7.8,5,5,3,3,3,4
4/14/2018,Athlete 18,Team 2,Sunday,9,6,6,1,6,2,5
4/14/2018,Athlete 8,Team 1,Sunday,9.1,7,5,1,7,2,6
4/14/2018,Athlete 10,Team 1,Sunday,5,8,9,0,0,0,0
4/14/2018,Athlete 9,Team 1,Sunday,10.5,5,10,10,1,0,1
4/14/2018,Athlete 3,Team 1,Sunday,5,5,7,1,7,1,4
4/14/2018,Athlete 5,Team 1,Sunday,6.3,8,9,6,4,2,2
4/14/2018,Athlete 17,Team 2,Sunday,9.5,10,10,9,5,1,5
4/14/2018,Athlete 1,Team 1,Sunday,14,8,8,1,6,1,3
4/14/2018,Athlete 15,Team 2,Sunday,8,10,10,0,1,0,0
4/14/2018,Athlete 4,Team 1,Sunday,10.7,9,9,2,1,2,2
4/14/2018,Athlete 19,Team 2,Sunday,9.7,9,7,7,3,1,2
4/15/2018,Athlete 11,Team 2,Monday,8.1,7,9,10,3,2,4
4/15/2018,Athlete 7,Team 1,Monday,8,8,5,10,0,0,0
4/15/2018,Athlete 17,Team 2,Monday,6.7,10,10,10,4,0,4
4/15/2018,Athlete 18,Team 2,Monday,8.1,6,5,4,2,1,3
4/15/2018,Athlete 16,Team 2,Monday,9.5,7,8,8,2,2,2
4/15/2018,Athlete 10,Team 1,Monday,7.5,9,9,9,2,0,0
4/15/2018,Athlete 4,Team 1,Monday,8.8,5,7,9,2,4,2
4/15/2018,Athlete 13,Team 2,Monday,7.5,6,5,5,2,3,4
4/15/2018,Athlete 19,Team 2,Monday,8.4,7,5,8,6,9,7
4/15/2018,Athlete 20,Team 2,Monday,6.6,5,6,9,3,2,2
4/15/2018,Athlete 8,Team 1,Monday,4,3,4,4,5,7,10
4/15/2018,Athlete 6,Team 1,Monday,7,6,5,5,1,0,1
4/15/2018,Athlete 3,Team 1,Monday,7.7,10,8,8,2,0,1
4/15/2018,Athlete 14,Team 2,Monday,8,6,7,9,5,2,5
4/15/2018,Athlete 5,Team 1,Monday,7.8,9,7,6,1,6,2
4/15/2018,Athlete 19,Team 2,Monday,3.9,7,8,6,1,1,2
4/15/2018,Athlete 9,Team 1,Monday,9.5,10,10,10,1,0,0
4/15/2018,Athlete 12,Team 2,Monday,6.5,4,5,6,4,2,4
4/15/2018,Athlete 15,Team 2,Monday,6,1,10,10,1,0,2
4/16/2018,Athlete 11,Team 2,Tuesday,8.4,9,9,10,3,2,4
4/16/2018,Athlete 17,Team 2,Tuesday,7,10,9,6,5,2,6
4/16/2018,Athlete 7,Team 1,Tuesday,7,7,7,10,2,0,2
4/16/2018,Athlete 6,Team 1,Tuesday,6,5,5,5,1,0,1
4/16/2018,Athlete 18,Team 2,Tuesday,7.5,6,5,2,2,4,3
4/16/2018,Athlete 10,Team 1,Tuesday,6.5,9,9,7,0,1,4
4/16/2018,Athlete 13,Team 2,Tuesday,6.9,6,6,5,3,3,3
4/16/2018,Athlete 20,Team 2,Tuesday,7,7,3,3,2,2,2
4/16/2018,Athlete 16,Team 2,Tuesday,8,8,8,8,3,2,3
4/16/2018,Athlete 9,Team 1,Tuesday,10,10,10,10,1,0,0
4/16/2018,Athlete 4,Team 1,Tuesday,10.9,6,9,9,3,4,4
4/16/2018,Athlete 3,Team 1,Tuesday,6.7,8,7,5,1,1,3
4/16/2018,Athlete 19,Team 2,Tuesday,5.9,6,7,7,8,5,9
4/16/2018,Athlete 8,Team 1,Tuesday,12.3,7,4,2,4,8,6
4/16/2018,Athlete 5,Team 1,Tuesday,8.4,9,9,5,3,2,2
4/16/2018,Athlete 12,Team 2,Tuesday,8.5,6,6,8,4,3,3
4/16/2018,Athlete 19,Team 2,Tuesday,8.1,4,4,6,4,2,5
4/16/2018,Athlete 15,Team 2,Tuesday,7.8,10,10,10,7,0,1
4/16/2018,Athlete 14,Team 2,Tuesday,8.2,7,7,7,4,1,5
4/16/2018,Athlete 1,Team 1,Tuesday,7.2,7,6,6,3,1,4
4/17/2018,Athlete 11,Team 2,Wednesday,9.1,9,8,9,5,2,5
4/17/2018,Athlete 13,Team 2,Wednesday,6.7,5,4,5,4,5,4
4/17/2018,Athlete 6,Team 1,Wednesday,5.5,5,5,5,2,0,3
4/17/2018,Athlete 10,Team 1,Wednesday,8.5,10,10,0,4,0,1
4/17/2018,Athlete 12,Team 2,Wednesday,7.8,7,5,0,3,5,3
4/17/2018,Athlete 8,Team 1,Wednesday,10.8,7,6,5,2,2,4
4/17/2018,Athlete 19,Team 2,Wednesday,7.3,9,7,10,9,6,7
4/17/2018,Athlete 14,Team 2,Wednesday,8.4,7,5,9,5,3,5
4/17/2018,Athlete 3,Team 1,Wednesday,8.5,8,8,5,7,2,2
4/17/2018,Athlete 16,Team 2,Wednesday,10,8,8,8,3,2,3
